1,"妙蛙种子","","GRASS","POISON",1,0,2
2,"妙蛙草","","GRASS","POISON",1,0,3
3,"妙蛙花","","GRASS","POISON",1,0,4
4,"小火龙","","FIRE","",1,0,6
5,"火恐龙","","FIRE","",1,0,7
6,"喷火龙","","FIRE","FLYING",1,0,8
7,"杰尼龟","","WATER","",1,0,12
8,"卡咪龟","","WATER","",1,0,13
9,"水箭龟","","WATER","",1,0,14
10,"绿毛虫","","BUG","",1,0,16
11,"铁甲蛹","","BUG","",1,0,17
12,"巴大蝶","","BUG","FLYING",1,0,18
13,"独角虫","","BUG","POISON",1,0,20
14,"铁壳蛹","","BUG","POISON",1,0,21
15,"大针蜂","","BUG","POISON",1,0,22
16,"波波","","NORMAL","FLYING",1,0,24
17,"比比鸟","","NORMAL","FLYING",1,0,25
18,"大比鸟","","NORMAL","FLYING",1,0,26
19,"小拉达","","NORMAL","",1,0,28
19,"小拉达","阿罗拉的样子","DARK","NORMAL",1,0,29
20,"拉达","","NORMAL","",1,1,0
20,"拉达","阿罗拉的样子","DARK","NORMAL",1,1,1
21,"烈雀","","NORMAL","FLYING",1,1,3
22,"大嘴雀","","NORMAL","FLYING",1,1,4
23,"阿柏蛇","","POISON","",1,1,5
24,"阿柏怪","","POISON","",1,1,6
25,"皮卡丘","","ELECTRIC","",1,1,7
26,"雷丘","","ELECTRIC","",1,1,23
26,"雷丘","阿罗拉的样子","ELECTRIC","PSYCHIC",1,1,24
27,"穿山鼠","","GROUND","",1,1,25
27,"穿山鼠","阿罗拉的样子","ICE","STEEL",1,1,26
28,"穿山王","","GROUND","",1,1,27
28,"穿山王","阿罗拉的样子","ICE","STEEL",1,1,28
29,"尼多兰","","POISON","",1,1,29
30,"尼多娜","","POISON","",1,2,0
31,"尼多后","","POISON","GROUND",1,2,1
32,"尼多朗","","POISON","",1,2,2
33,"尼多力诺","","POISON","",1,2,3
34,"尼多王","","POISON","GROUND",1,2,4
35,"皮皮","","FAIRY","",1,2,5
36,"皮可西","","FAIRY","",1,2,6
37,"六尾","","FIRE","",1,2,7
37,"六尾","阿罗拉的样子","ICE","",1,2,8
38,"九尾","","FIRE","",1,2,9
38,"九尾","阿罗拉的样子","ICE","FAIRY",1,2,10
39,"胖丁","","NORMAL","FAIRY",1,2,11
40,"胖可丁","","NORMAL","FAIRY",1,2,12
41,"超音蝠","","POISON","FLYING",1,2,13
42,"大嘴蝠","","POISON","FLYING",1,2,14
43,"走路草","","GRASS","POISON",1,2,15
44,"臭臭花","","GRASS","POISON",1,2,16
45,"霸王花","","GRASS","POISON",1,2,17
46,"派拉斯","","BUG","GRASS",1,2,18
47,"派拉斯特","","BUG","GRASS",1,2,19
48,"毛球","","BUG","POISON",1,2,20
49,"摩鲁蛾","","BUG","POISON",1,2,21
50,"地鼠","","GROUND","",1,2,22
50,"地鼠","阿罗拉的样子","GROUND","STEEL",1,2,23
51,"三地鼠","","GROUND","",1,2,24
51,"三地鼠","阿罗拉的样子","GROUND","STEEL",1,2,25
52,"喵喵","","NORMAL","",1,2,26
52,"喵喵","阿罗拉的样子","DARK","",1,2,28
52,"喵喵","伽勒尔的样子","STEEL","",1,2,29
53,"猫老大","","NORMAL","",1,3,0
53,"猫老大","阿罗拉的样子","DARK","",1,3,1
54,"可达鸭","","WATER","",1,3,2
55,"哥达鸭","","WATER","",1,3,3
56,"猴怪","","FIGHT","",1,3,4
57,"火暴猴","","FIGHT","",1,3,5
58,"卡蒂狗","","FIRE","",1,3,6
58,"卡蒂狗","洗翠的样子","FIRE","ROCK",1,0,0
59,"风速狗","","FIRE","",1,3,7
59,"风速狗","洗翠的样子","FIRE","ROCK",1,0,0
60,"蚊香蝌蚪","","WATER","",1,3,8
61,"蚊香君","","WATER","",1,3,9
62,"蚊香泳士","","WATER","FIGHT",1,3,10
63,"凯西","","PSYCHIC","",1,3,11
64,"勇基拉","","PSYCHIC","",1,3,12
65,"胡地","","PSYCHIC","",1,3,13
66,"腕力","","FIGHT","",1,3,15
67,"豪力","","FIGHT","",1,3,16
68,"怪力","","FIGHT","",1,3,17
69,"喇叭芽","","GRASS","POISON",1,3,19
70,"口呆花","","GRASS","POISON",1,3,20
71,"大食花","","GRASS","POISON",1,3,21
72,"玛瑙水母","","WATER","POISON",1,3,22
73,"毒刺水母","","WATER","POISON",1,3,23
74,"小拳石","","ROCK","GROUND",1,3,24
74,"小拳石","阿罗拉的样子","ROCK","ELECTRIC",1,3,25
75,"隆隆石","","ROCK","GROUND",1,3,26
75,"隆隆石","阿罗拉的样子","ROCK","ELECTRIC",1,3,27
76,"隆隆岩","","ROCK","GROUND",1,3,28
76,"隆隆岩","阿罗拉的样子","ROCK","ELECTRIC",1,3,29
77,"小火马","","FIRE","",1,4,0
77,"小火马","伽勒尔的样子","PSYCHIC","",1,4,1
78,"烈焰马","","FIRE","",1,4,2
78,"烈焰马","伽勒尔的样子","PSYCHIC","FAIRY",1,4,3
79,"呆呆兽","","WATER","PSYCHIC",1,4,4
79,"呆呆兽","伽勒尔的样子","PSYCHIC","",1,40,17
80,"呆壳兽","","WATER","PSYCHIC",1,4,5
80,"呆壳兽","伽勒尔的样子","POISON","PSYCHIC",1,40,18
81,"小磁怪","","ELECTRIC","STEEL",1,4,7
82,"三合一磁怪","","ELECTRIC","STEEL",1,4,8
83,"大葱鸭","","NORMAL","FLYING",1,4,9
83,"大葱鸭","伽勒尔的样子","FIGHT","",1,4,10
84,"嘟嘟","","NORMAL","FLYING",1,4,11
85,"嘟嘟利","","NORMAL","FLYING",1,4,12
86,"小海狮","","WATER","",1,4,13
87,"白海狮","","WATER","ICE",1,4,14
88,"臭泥","","POISON","",1,4,15
88,"臭泥","阿罗拉的样子","POISON","DARK",1,4,16
89,"臭臭泥","","POISON","",1,4,17
89,"臭臭泥","阿罗拉的样子","POISON","DARK",1,4,18
90,"大舌贝","","WATER","",1,4,19
91,"刺甲贝","","WATER","ICE",1,4,20
92,"鬼斯","","GHOST","POISON",1,4,21
93,"鬼斯通","","GHOST","POISON",1,4,22
94,"耿鬼","","GHOST","POISON",1,4,23
95,"大岩蛇","","ROCK","GROUND",1,4,26
96,"催眠貘","","PSYCHIC","",1,4,27
97,"引梦貘人","","PSYCHIC","",1,4,28
98,"大钳蟹","","WATER","",1,4,29
99,"巨钳蟹","","WATER","",1,5,0
100,"霹雳电球","","ELECTRIC","",1,5,2
100,"霹雳电球","洗翠的样子","ELECTRIC","GRASS",1,0,0
101,"顽皮雷弹","","ELECTRIC","",1,5,3
101,"顽皮雷弹","洗翠的样子","ELECTRIC","GRASS",1,0,0
102,"蛋蛋","","GRASS","PSYCHIC",1,5,4
103,"椰蛋树","","GRASS","PSYCHIC",1,5,5
103,"椰蛋树","阿罗拉的样子","GRASS","DRAGON",1,5,6
104,"卡拉卡拉","","GROUND","",1,5,7
105,"嘎啦嘎啦","","GROUND","",1,5,8
105,"嘎啦嘎啦","阿罗拉的样子","FIRE","GHOST",1,5,9
106,"飞腿郎","","FIGHT","",1,5,11
107,"快拳郎","","FIGHT","",1,5,12
108,"大舌头","","NORMAL","",1,5,13
109,"瓦斯弹","","POISON","",1,5,14
110,"双弹瓦斯","","POISON","",1,5,15
110,"双弹瓦斯","伽勒尔的样子","POISON","FAIRY",1,5,16
111,"独角犀牛","","GROUND","ROCK",1,5,17
112,"钻角犀兽","","GROUND","ROCK",1,5,18
113,"吉利蛋","","NORMAL","",1,5,19
114,"蔓藤怪","","GRASS","",1,5,20
115,"袋兽","","NORMAL","",1,5,21
116,"墨海马","","WATER","",1,5,23
117,"海刺龙","","WATER","",1,5,24
118,"角金鱼","","WATER","",1,5,25
119,"金鱼王","","WATER","",1,5,26
120,"海星星","","WATER","",1,5,27
121,"宝石海星","","WATER","PSYCHIC",1,5,28
122,"魔墙人偶","","PSYCHIC","FAIRY",1,5,29
122,"魔墙人偶","伽勒尔的样子","ICE","PSYCHIC",1,6,0
123,"飞天螳螂","","BUG","FLYING",1,6,1
124,"迷唇姐","","ICE","PSYCHIC",1,6,2
125,"电击兽","","ELECTRIC","",1,6,3
126,"鸭嘴火兽","","FIRE","",1,6,4
127,"凯罗斯","","BUG","",1,6,5
128,"肯泰罗","","NORMAL","",1,6,7
129,"鲤鱼王","","WATER","",1,6,8
130,"暴鲤龙","","WATER","FLYING",1,6,9
131,"拉普拉斯","","WATER","ICE",1,6,11
132,"百变怪","","NORMAL","",1,6,13
133,"伊布","","NORMAL","",1,6,14
134,"水伊布","","WATER","",1,6,17
135,"雷伊布","","ELECTRIC","",1,6,18
136,"火伊布","","FIRE","",1,6,19
137,"多边兽","","NORMAL","",1,6,20
138,"菊石兽","","ROCK","WATER",1,6,21
139,"多刺菊石兽","","ROCK","WATER",1,6,22
140,"化石盔","","ROCK","WATER",1,6,23
141,"镰刀盔","","ROCK","WATER",1,6,24
142,"化石翼龙","","ROCK","FLYING",1,6,25
143,"卡比兽","","NORMAL","",1,6,27
144,"急冻鸟","","ICE","FLYING",1,6,29
144,"急冻鸟","伽勒尔的样子","PSYCHIC","FLYING",1,41,9
145,"闪电鸟","","ELECTRIC","FLYING",1,7,0
145,"闪电鸟","伽勒尔的样子","FIGHT","FLYING",1,41,10
146,"火焰鸟","","FIRE","FLYING",1,7,1
146,"火焰鸟","伽勒尔的样子","DARK","FLYING",1,41,11
147,"迷你龙","","DRAGON","",1,7,2
148,"哈克龙","","DRAGON","",1,7,3
149,"快龙","","DRAGON","FLYING",1,7,4
150,"超梦","","PSYCHIC","",1,7,5
151,"梦幻","","PSYCHIC","",1,7,8
152,"菊草叶","","GRASS","",2,7,9
153,"月桂叶","","GRASS","",2,7,10
154,"大竺葵","","GRASS","",2,7,11
155,"火球鼠","","FIRE","",2,7,12
156,"火岩鼠","","FIRE","",2,7,13
157,"火暴兽","","FIRE","",2,7,14
157,"火暴兽","洗翠的样子","FIRE","GHOST",2,0,0
158,"小锯鳄","","WATER","",2,7,15
159,"蓝鳄","","WATER","",2,7,16
160,"大力鳄","","WATER","",2,7,17
161,"尾立","","NORMAL","",2,7,18
162,"大尾立","","NORMAL","",2,7,19
163,"咕咕","","NORMAL","FLYING",2,7,20
164,"猫头夜鹰","","NORMAL","FLYING",2,7,21
165,"芭瓢虫","","BUG","FLYING",2,7,22
166,"安瓢虫","","BUG","FLYING",2,7,23
167,"圆丝蛛","","BUG","POISON",2,7,24
168,"阿利多斯","","BUG","POISON",2,7,25
169,"叉字蝠","","POISON","FLYING",2,7,26
170,"灯笼鱼","","WATER","ELECTRIC",2,7,27
171,"电灯怪","","WATER","ELECTRIC",2,7,28
172,"皮丘","","ELECTRIC","",2,7,29
173,"皮宝宝","","FAIRY","",2,8,0
174,"宝宝丁","","NORMAL","FAIRY",2,8,1
175,"波克比","","FAIRY","",2,8,2
176,"波克基古","","FAIRY","FLYING",2,8,4
177,"天然雀","","PSYCHIC","FLYING",2,8,5
178,"天然鸟","","PSYCHIC","FLYING",2,8,6
179,"咩利羊","","ELECTRIC","",2,8,7
180,"茸茸羊","","ELECTRIC","",2,8,8
181,"电龙","","ELECTRIC","",2,8,9
182,"美丽花","","GRASS","",2,8,11
183,"玛力露","","WATER","FAIRY",2,8,12
184,"玛力露丽","","WATER","FAIRY",2,8,13
185,"树才怪","","ROCK","",2,8,14
186,"蚊香蛙皇","","WATER","",2,8,15
187,"毽子草","","GRASS","FLYING",2,8,16
188,"毽子花","","GRASS","FLYING",2,8,17
189,"毽子棉","","GRASS","FLYING",2,8,18
190,"长尾怪手","","NORMAL","",2,8,19
191,"向日种子","","GRASS","",2,8,20
192,"向日花怪","","GRASS","",2,8,21
193,"蜻蜻蜓","","BUG","FLYING",2,8,22
194,"乌波","","WATER","GROUND",2,8,23
195,"沼王","","WATER","GROUND",2,8,24
196,"太阳伊布","","PSYCHIC","",2,8,25
197,"月亮伊布","","DARK","",2,8,26
198,"黑暗鸦","","DARK","FLYING",2,8,27
199,"呆呆王","","WATER","PSYCHIC",2,8,28
199,"呆呆王","伽勒尔的样子","POISON","PSYCHIC",2,40,19
200,"梦妖","","GHOST","",2,8,29
201,"未知图腾","","PSYCHIC","",2,9,0
202,"果然翁","","PSYCHIC","",2,9,28
203,"麒麟奇","","NORMAL","PSYCHIC",2,9,29
204,"榛果球","","BUG","",2,10,0
205,"佛烈托斯","","BUG","STEEL",2,10,1
206,"土龙弟弟","","NORMAL","",2,10,2
207,"天蝎","","GROUND","FLYING",2,10,3
208,"大钢蛇","","STEEL","GROUND",2,10,4
209,"布鲁","","FAIRY","",2,10,6
210,"布鲁皇","","FAIRY","",2,10,7
211,"千针鱼","","WATER","POISON",2,10,8
211,"千针鱼","洗翠的样子","DARK","POISON",2,0,0
212,"巨钳螳螂","","BUG","STEEL",2,10,9
213,"壶壶","","BUG","ROCK",2,10,11
214,"赫拉克罗斯","","BUG","FIGHT",2,10,12
215,"狃拉","","DARK","ICE",2,10,14
215,"狃拉","洗翠的样子","FIGHT","POISON",2,0,0
216,"熊宝宝","","NORMAL","",2,10,15
217,"圈圈熊","","NORMAL","",2,10,16
218,"熔岩虫","","FIRE","",2,10,17
219,"熔岩蜗牛","","FIRE","ROCK",2,10,18
220,"小山猪","","ICE","GROUND",2,10,19
221,"长毛猪","","ICE","GROUND",2,10,20
222,"太阳珊瑚","","WATER","ROCK",2,10,21
222,"太阳珊瑚","伽勒尔的样子","GHOST","",2,10,22
223,"铁炮鱼","","WATER","",2,10,23
224,"章鱼桶","","WATER","",2,10,24
225,"信使鸟","","ICE","FLYING",2,10,25
226,"巨翅飞鱼","","WATER","FLYING",2,10,26
227,"盔甲鸟","","STEEL","FLYING",2,10,27
228,"戴鲁比","","DARK","FIRE",2,10,28
229,"黑鲁加","","DARK","FIRE",2,10,29
230,"刺龙王","","WATER","DRAGON",2,11,1
231,"小小象","","GROUND","",2,11,2
232,"顿甲","","GROUND","",2,11,3
233,"多边兽Ⅱ","","NORMAL","",2,11,4
234,"惊角鹿","","NORMAL","",2,11,5
235,"图图犬","","NORMAL","",2,11,6
236,"无畏小子","","FIGHT","",2,11,7
237,"战舞郎","","FIGHT","",2,11,8
238,"迷唇娃","","ICE","PSYCHIC",2,11,9
239,"电击怪","","ELECTRIC","",2,11,10
240,"鸭嘴宝宝","","FIRE","",2,11,11
241,"大奶罐","","NORMAL","",2,11,12
242,"幸福蛋","","NORMAL","",2,11,13
243,"雷公","","ELECTRIC","",2,11,14
244,"炎帝","","FIRE","",2,11,15
245,"水君","","WATER","",2,11,16
246,"幼基拉斯","","ROCK","GROUND",2,11,17
247,"沙基拉斯","","ROCK","GROUND",2,11,18
248,"班基拉斯","","ROCK","DARK",2,11,19
249,"洛奇亚","","PSYCHIC","FLYING",2,11,21
250,"凤王","","FIRE","FLYING",2,11,22
251,"时拉比","","PSYCHIC","GRASS",2,11,23
252,"木守宫","","GRASS","",3,11,24
253,"森林蜥蜴","","GRASS","",3,11,25
254,"蜥蜴王","","GRASS","",3,11,26
255,"火稚鸡","","FIRE","",3,11,28
256,"力壮鸡","","FIRE","FIGHT",3,11,29
257,"火焰鸡","","FIRE","FIGHT",3,12,0
258,"水跃鱼","","WATER","",3,12,2
259,"沼跃鱼","","WATER","GROUND",3,12,3
260,"巨沼怪","","WATER","GROUND",3,12,4
261,"土狼犬","","DARK","",3,12,6
262,"大狼犬","","DARK","",3,12,7
263,"蛇纹熊","","NORMAL","",3,12,8
263,"蛇纹熊","伽勒尔的样子","DARK","NORMAL",3,12,9
264,"直冲熊","","NORMAL","",3,12,10
264,"直冲熊","伽勒尔的样子","DARK","NORMAL",3,12,11
265,"刺尾虫","","BUG","",3,12,12
266,"甲壳茧","","BUG","",3,12,13
267,"狩猎凤蝶","","BUG","FLYING",3,12,14
268,"盾甲茧","","BUG","",3,12,15
269,"毒粉蛾","","BUG","POISON",3,12,16
270,"莲叶童子","","WATER","GRASS",3,12,17
271,"莲帽小童","","WATER","GRASS",3,12,18
272,"乐天河童","","WATER","GRASS",3,12,19
273,"橡实果","","GRASS","",3,12,20
274,"长鼻叶","","GRASS","DARK",3,12,21
275,"狡猾天狗","","GRASS","DARK",3,12,22
276,"傲骨燕","","NORMAL","FLYING",3,12,23
277,"大王燕","","NORMAL","FLYING",3,12,24
278,"长翅鸥","","WATER","FLYING",3,12,25
279,"大嘴鸥","","WATER","FLYING",3,12,26
280,"拉鲁拉丝","","PSYCHIC","FAIRY",3,12,27
281,"奇鲁莉安","","PSYCHIC","FAIRY",3,12,28
282,"沙奈朵","","PSYCHIC","FAIRY",3,12,29
283,"溜溜糖球","","BUG","WATER",3,13,1
284,"雨翅蛾","","BUG","FLYING",3,13,2
285,"蘑蘑菇","","GRASS","",3,13,3
286,"斗笠菇","","GRASS","FIGHT",3,13,4
287,"懒人獭","","NORMAL","",3,13,5
288,"过动猿","","NORMAL","",3,13,6
289,"请假王","","NORMAL","",3,13,7
290,"土居忍士","","BUG","GROUND",3,13,8
291,"铁面忍者","","BUG","FLYING",3,13,9
292,"脱壳忍者","","BUG","GHOST",3,13,10
293,"咕妞妞","","NORMAL","",3,13,11
294,"吼爆弹","","NORMAL","",3,13,12
295,"爆音怪","","NORMAL","",3,13,13
296,"幕下力士","","FIGHT","",3,13,14
297,"铁掌力士","","FIGHT","",3,13,15
298,"露力丽","","NORMAL","FAIRY",3,13,16
299,"朝北鼻","","ROCK","",3,13,17
300,"向尾喵","","NORMAL","",3,13,18
301,"优雅猫","","NORMAL","",3,13,19
302,"勾魂眼","","DARK","GHOST",3,13,20
303,"大嘴娃","","STEEL","FAIRY",3,13,22
304,"可可多拉","","STEEL","ROCK",3,13,24
305,"可多拉","","STEEL","ROCK",3,13,25
306,"波士可多拉","","STEEL","ROCK",3,13,26
307,"玛沙那","","FIGHT","PSYCHIC",3,13,28
308,"恰雷姆","","FIGHT","PSYCHIC",3,13,29
309,"落雷兽","","ELECTRIC","",3,14,1
310,"雷电兽","","ELECTRIC","",3,14,2
311,"正电拍拍","","ELECTRIC","",3,14,4
312,"负电拍拍","","ELECTRIC","",3,14,5
313,"电萤虫","","BUG","",3,14,6
314,"甜甜萤","","BUG","",3,14,7
315,"毒蔷薇","","GRASS","POISON",3,14,8
316,"溶食兽","","POISON","",3,14,9
317,"吞食兽","","POISON","",3,14,10
318,"利牙鱼","","WATER","DARK",3,14,11
319,"巨牙鲨","","WATER","DARK",3,14,12
320,"吼吼鲸","","WATER","",3,14,14
321,"吼鲸王","","WATER","",3,14,15
322,"呆火驼","","FIRE","GROUND",3,14,16
323,"喷火驼","","FIRE","GROUND",3,14,17
324,"煤炭龟","","FIRE","",3,14,19
325,"跳跳猪","","PSYCHIC","",3,14,20
326,"噗噗猪","","PSYCHIC","",3,14,21
327,"晃晃斑","","NORMAL","",3,14,22
328,"大颚蚁","","GROUND","",3,14,23
329,"超音波幼虫","","GROUND","DRAGON",3,14,24
330,"沙漠蜻蜓","","GROUND","DRAGON",3,14,25
331,"刺球仙人掌","","GRASS","",3,14,26
332,"梦歌仙人掌","","GRASS","DARK",3,14,27
333,"青绵鸟","","NORMAL","FLYING",3,14,28
334,"七夕青鸟","","DRAGON","FLYING",3,14,29
335,"猫鼬斩","","NORMAL","",3,15,1
336,"饭匙蛇","","POISON","",3,15,2
337,"月石","","ROCK","PSYCHIC",3,15,3
338,"太阳岩","","ROCK","PSYCHIC",3,15,4
339,"泥泥鳅","","WATER","GROUND",3,15,5
340,"鲶鱼王","","WATER","GROUND",3,15,6
341,"龙虾小兵","","WATER","",3,15,7
342,"铁螯龙虾","","WATER","DARK",3,15,8
343,"天秤偶","","GROUND","PSYCHIC",3,15,9
344,"念力土偶","","GROUND","PSYCHIC",3,15,10
345,"触手百合","","ROCK","GRASS",3,15,11
346,"摇篮百合","","ROCK","GRASS",3,15,12
347,"太古羽虫","","ROCK","BUG",3,15,13
348,"太古盔甲","","ROCK","BUG",3,15,14
349,"丑丑鱼","","WATER","",3,15,15
350,"美纳斯","","WATER","",3,15,16
351,"飘浮泡泡","","NORMAL","",3,15,17
352,"变隐龙","","NORMAL","",3,15,21
353,"怨影娃娃","","GHOST","",3,15,22
354,"诅咒娃娃","","GHOST","",3,15,23
355,"夜巡灵","","GHOST","",3,15,25
356,"彷徨夜灵","","GHOST","",3,15,26
357,"热带龙","","GRASS","FLYING",3,15,27
358,"风铃铃","","PSYCHIC","",3,15,28
359,"阿勃梭鲁","","DARK","",3,15,29
360,"小果然","","PSYCHIC","",3,16,1
361,"雪童子","","ICE","",3,16,2
362,"冰鬼护","","ICE","",3,16,3
363,"海豹球","","ICE","WATER",3,16,5
364,"海魔狮","","ICE","WATER",3,16,6
365,"帝牙海狮","","ICE","WATER",3,16,7
366,"珍珠贝","","WATER","",3,16,8
367,"猎斑鱼","","WATER","",3,16,9
368,"樱花鱼","","WATER","",3,16,10
369,"古空棘鱼","","WATER","ROCK",3,16,11
370,"爱心鱼","","WATER","",3,16,12
371,"宝贝龙","","DRAGON","",3,16,13
372,"甲壳龙","","DRAGON","",3,16,14
373,"暴飞龙","","DRAGON","FLYING",3,16,15
374,"铁哑铃","","STEEL","PSYCHIC",3,16,17
375,"金属怪","","STEEL","PSYCHIC",3,16,18
376,"巨金怪","","STEEL","PSYCHIC",3,16,19
377,"雷吉洛克","","ROCK","",3,16,21
378,"雷吉艾斯","","ICE","",3,16,22
379,"雷吉斯奇鲁","","STEEL","",3,16,23
380,"拉帝亚斯","","DRAGON","PSYCHIC",3,16,24
381,"拉帝欧斯","","DRAGON","PSYCHIC",3,16,26
382,"盖欧卡","","WATER","",3,16,28
383,"固拉多","","GROUND","",3,17,0
384,"烈空坐","","DRAGON","FLYING",3,17,2
385,"基拉祈","","STEEL","PSYCHIC",3,17,4
386,"代欧奇希斯","","PSYCHIC","",3,17,5
387,"草苗龟","","GRASS","",4,17,9
388,"树林龟","","GRASS","",4,17,10
389,"土台龟","","GRASS","GROUND",4,17,11
390,"小火焰猴","","FIRE","",4,17,12
391,"猛火猴","","FIRE","FIGHT",4,17,13
392,"烈焰猴","","FIRE","FIGHT",4,17,14
393,"波加曼","","WATER","",4,17,15
394,"波皇子","","WATER","",4,17,16
395,"帝王拿波","","WATER","STEEL",4,17,17
396,"姆克儿","","NORMAL","FLYING",4,17,18
397,"姆克鸟","","NORMAL","FLYING",4,17,19
398,"姆克鹰","","NORMAL","FLYING",4,17,20
399,"大牙狸","","NORMAL","",4,17,21
400,"大尾狸","","NORMAL","WATER",4,17,22
401,"圆法师","","BUG","",4,17,23
402,"音箱蟀","","BUG","",4,17,24
403,"小猫怪","","ELECTRIC","",4,17,25
404,"勒克猫","","ELECTRIC","",4,17,26
405,"伦琴猫","","ELECTRIC","",4,17,27
406,"含羞苞","","GRASS","POISON",4,17,28
407,"罗丝雷朵","","GRASS","POISON",4,17,29
408,"头盖龙","","ROCK","",4,18,0
409,"战槌龙","","ROCK","",4,18,1
410,"盾甲龙","","ROCK","STEEL",4,18,2
411,"护城龙","","ROCK","STEEL",4,18,3
412,"结草儿","","BUG","",4,18,4
413,"结草贵妇","","BUG","GRASS",4,18,7
414,"绅士蛾","","BUG","FLYING",4,18,10
415,"三蜜蜂","","BUG","FLYING",4,18,11
416,"蜂女王","","BUG","FLYING",4,18,12
417,"帕奇利兹","","ELECTRIC","",4,18,13
418,"泳圈鼬","","WATER","",4,18,14
419,"浮潜鼬","","WATER","",4,18,15
420,"樱花宝","","GRASS","",4,18,16
421,"樱花儿","","GRASS","",4,18,17
422,"无壳海兔","","WATER","",4,18,19
423,"海兔兽","","WATER","GROUND",4,18,21
424,"双尾怪手","","NORMAL","",4,18,23
425,"飘飘球","","GHOST","FLYING",4,18,24
426,"随风球","","GHOST","FLYING",4,18,25
427,"卷卷耳","","NORMAL","",4,18,26
428,"长耳兔","","NORMAL","",4,18,27
429,"梦妖魔","","GHOST","",4,18,29
430,"乌鸦头头","","DARK","FLYING",4,19,0
431,"魅力喵","","NORMAL","",4,19,1
432,"东施喵","","NORMAL","",4,19,2
433,"铃铛响","","PSYCHIC","",4,19,3
434,"臭鼬噗","","POISON","DARK",4,19,4
435,"坦克臭鼬","","POISON","DARK",4,19,5
436,"铜镜怪","","STEEL","PSYCHIC",4,19,6
437,"青铜钟","","STEEL","PSYCHIC",4,19,7
438,"盆才怪","","ROCK","",4,19,8
439,"魔尼尼","","PSYCHIC","FAIRY",4,19,9
440,"小福蛋","","NORMAL","",4,19,10
441,"聒噪鸟","","NORMAL","FLYING",4,19,11
442,"花岩怪","","GHOST","DARK",4,19,12
443,"圆陆鲨","","DRAGON","GROUND",4,19,13
444,"尖牙陆鲨","","DRAGON","GROUND",4,19,14
445,"烈咬陆鲨","","DRAGON","GROUND",4,19,15
446,"小卡比兽","","NORMAL","",4,19,17
447,"利欧路","","FIGHT","",4,19,18
448,"路卡利欧","","FIGHT","STEEL",4,19,19
449,"沙河马","","GROUND","",4,19,21
450,"河马兽","","GROUND","",4,19,22
451,"钳尾蝎","","POISON","BUG",4,19,23
452,"龙王蝎","","POISON","DARK",4,19,24
453,"不良蛙","","POISON","FIGHT",4,19,25
454,"毒骷蛙","","POISON","FIGHT",4,19,26
455,"尖牙笼","","GRASS","",4,19,27
456,"荧光鱼","","WATER","",4,19,28
457,"霓虹鱼","","WATER","",4,19,29
458,"小球飞鱼","","WATER","FLYING",4,20,0
459,"雪笠怪","","GRASS","ICE",4,20,1
460,"暴雪王","","GRASS","ICE",4,20,2
461,"玛狃拉","","DARK","ICE",4,20,4
462,"自爆磁怪","","ELECTRIC","STEEL",4,20,5
463,"大舌舔","","NORMAL","",4,20,6
464,"超甲狂犀","","GROUND","ROCK",4,20,7
465,"巨蔓藤","","GRASS","",4,20,8
466,"电击魔兽","","ELECTRIC","",4,20,9
467,"鸭嘴炎兽","","FIRE","",4,20,10
468,"波克基斯","","FAIRY","FLYING",4,20,11
469,"远古巨蜓","","BUG","FLYING",4,20,12
470,"叶伊布","","GRASS","",4,20,13
471,"冰伊布","","ICE","",4,20,14
472,"天蝎王","","GROUND","FLYING",4,20,15
473,"象牙猪","","ICE","GROUND",4,20,16
474,"多边兽Ｚ","","NORMAL","",4,20,17
475,"艾路雷朵","","PSYCHIC","FIGHT",4,20,18
476,"大朝北鼻","","ROCK","STEEL",4,20,20
477,"黑夜魔灵","","GHOST","",4,20,21
478,"雪妖女","","ICE","GHOST",4,20,22
479,"洛托姆","","ELECTRIC","GHOST",4,20,23
480,"由克希","","PSYCHIC","",4,20,29
481,"艾姆利多","","PSYCHIC","",4,21,0
482,"亚克诺姆","","PSYCHIC","",4,21,1
483,"帝牙卢卡","","STEEL","DRAGON",4,21,2
484,"帕路奇亚","","WATER","DRAGON",4,21,3
485,"席多蓝恩","","FIRE","STEEL",4,21,4
486,"雷吉奇卡斯","","NORMAL","",4,21,5
487,"骑拉帝纳","","GHOST","DRAGON",4,21,6
488,"克雷色利亚","","PSYCHIC","",4,21,8
489,"霏欧纳","","WATER","",4,21,9
490,"玛纳霏","","WATER","",4,21,10
491,"达克莱伊","","DARK","",4,21,12
492,"谢米","","GRASS","",4,21,13
493,"阿尔宙斯","","NORMAL","",4,21,15
494,"比克提尼","","PSYCHIC","FIRE",5,21,16
495,"藤藤蛇","","GRASS","",5,21,17
496,"青藤蛇","","GRASS","",5,21,18
497,"君主蛇","","GRASS","",5,21,19
498,"暖暖猪","","FIRE","",5,21,20
499,"炒炒猪","","FIRE","FIGHT",5,21,21
500,"炎武王","","FIRE","FIGHT",5,21,22
501,"水水獭","","WATER","",5,21,23
502,"双刃丸","","WATER","",5,21,24
503,"大剑鬼","","WATER","",5,21,25
503,"大剑鬼","洗翠的样子","WATER","DARK",5,0,0
504,"探探鼠","","NORMAL","",5,21,26
505,"步哨鼠","","NORMAL","",5,21,27
506,"小约克","","NORMAL","",5,21,28
507,"哈约克","","NORMAL","",5,21,29
508,"长毛狗","","NORMAL","",5,22,0
509,"扒手猫","","DARK","",5,22,1
510,"酷豹","","DARK","",5,22,2
511,"花椰猴","","GRASS","",5,22,3
512,"花椰猿","","GRASS","",5,22,4
513,"爆香猴","","FIRE","",5,22,5
514,"爆香猿","","FIRE","",5,22,6
515,"冷水猴","","WATER","",5,22,7
516,"冷水猿","","WATER","",5,22,8
517,"食梦梦","","PSYCHIC","",5,22,9
518,"梦梦蚀","","PSYCHIC","",5,22,10
519,"豆豆鸽","","NORMAL","FLYING",5,22,11
520,"咕咕鸽","","NORMAL","FLYING",5,22,12
521,"高傲雉鸡","","NORMAL","FLYING",5,22,13
522,"斑斑马","","ELECTRIC","",5,22,15
523,"雷电斑马","","ELECTRIC","",5,22,16
524,"石丸子","","ROCK","",5,22,17
525,"地幔岩","","ROCK","",5,22,18
526,"庞岩怪","","ROCK","",5,22,19
527,"滚滚蝙蝠","","PSYCHIC","FLYING",5,22,20
528,"心蝙蝠","","PSYCHIC","FLYING",5,22,21
529,"螺钉地鼠","","GROUND","",5,22,22
530,"龙头地鼠","","GROUND","STEEL",5,22,23
531,"差不多娃娃","","NORMAL","",5,22,24
532,"搬运小匠","","FIGHT","",5,22,26
533,"铁骨土人","","FIGHT","",5,22,27
534,"修建老匠","","FIGHT","",5,22,28
535,"圆蝌蚪","","WATER","",5,22,29
536,"蓝蟾蜍","","WATER","GROUND",5,23,0
537,"蟾蜍王","","WATER","GROUND",5,23,1
538,"投摔鬼","","FIGHT","",5,23,2
539,"打击鬼","","FIGHT","",5,23,3
540,"虫宝包","","BUG","GRASS",5,23,4
541,"宝包茧","","BUG","GRASS",5,23,5
542,"保姆虫","","BUG","GRASS",5,23,6
543,"百足蜈蚣","","BUG","POISON",5,23,7
544,"车轮球","","BUG","POISON",5,23,8
545,"蜈蚣王","","BUG","POISON",5,23,9
546,"木棉球","","GRASS","FAIRY",5,23,10
547,"风妖精","","GRASS","FAIRY",5,23,11
548,"百合根娃娃","","GRASS","",5,23,12
549,"裙儿小姐","","GRASS","",5,23,13
549,"裙儿小姐","洗翠的样子","GRASS","FIGHT",5,0,0
550,"野蛮鲈鱼","","WATER","",5,23,14
550,"野蛮鲈鱼","白条纹的样子","WATER","",5,0,0
551,"黑眼鳄","","GROUND","DARK",5,23,16
552,"混混鳄","","GROUND","DARK",5,23,17
553,"流氓鳄","","GROUND","DARK",5,23,18
554,"火红不倒翁","","FIRE","",5,23,19
554,"火红不倒翁","伽勒尔的样子","ICE","",5,23,20
555,"达摩狒狒","","FIRE","",5,23,21
555,"达摩狒狒","伽勒尔的样子","ICE","",5,23,23
556,"沙铃仙人掌","","GRASS","",5,23,25
557,"石居蟹","","BUG","ROCK",5,23,26
558,"岩殿居蟹","","BUG","ROCK",5,23,27
559,"滑滑小子","","DARK","FIGHT",5,23,28
560,"头巾混混","","DARK","FIGHT",5,23,29
561,"象征鸟","","PSYCHIC","FLYING",5,24,0
562,"哭哭面具","","GHOST","",5,24,1
562,"哭哭面具","伽勒尔的样子","GROUND","GHOST",5,24,2
563,"死神棺","","GHOST","",5,24,3
564,"原盖海龟","","WATER","ROCK",5,24,4
565,"肋骨海龟","","WATER","ROCK",5,24,5
566,"始祖小鸟","","ROCK","FLYING",5,24,6
567,"始祖大鸟","","ROCK","FLYING",5,24,7
568,"破破袋","","POISON","",5,24,8
569,"灰尘山","","POISON","",5,24,9
570,"索罗亚","","DARK","",5,24,11
570,"索罗亚","洗翠的样子","NORMAL","GHOST",5,0,0
571,"索罗亚克","","DARK","",5,24,12
571,"索罗亚克","洗翠的样子","NORMAL","GHOST",5,0,0
572,"泡沫栗鼠","","NORMAL","",5,24,13
573,"奇诺栗鼠","","NORMAL","",5,24,14
574,"哥德宝宝","","PSYCHIC","",5,24,15
575,"哥德小童","","PSYCHIC","",5,24,16
576,"哥德小姐","","PSYCHIC","",5,24,17
577,"单卵细胞球","","PSYCHIC","",5,24,18
578,"双卵细胞球","","PSYCHIC","",5,24,19
579,"人造细胞卵","","PSYCHIC","",5,24,20
580,"鸭宝宝","","WATER","FLYING",5,24,21
581,"舞天鹅","","WATER","FLYING",5,24,22
582,"迷你冰","","ICE","",5,24,23
583,"多多冰","","ICE","",5,24,24
584,"双倍多多冰","","ICE","",5,24,25
585,"四季鹿","","NORMAL","GRASS",5,24,26
586,"萌芽鹿","","NORMAL","GRASS",5,25,0
587,"电飞鼠","","ELECTRIC","FLYING",5,25,4
588,"盖盖虫","","BUG","",5,25,5
589,"骑士蜗牛","","BUG","STEEL",5,25,6
590,"哎呀球菇","","GRASS","POISON",5,25,7
591,"败露球菇","","GRASS","POISON",5,25,8
592,"轻飘飘","","WATER","GHOST",5,25,9
593,"胖嘟嘟","","WATER","GHOST",5,25,11
594,"保姆曼波","","WATER","",5,25,13
595,"电电虫","","BUG","ELECTRIC",5,25,14
596,"电蜘蛛","","BUG","ELECTRIC",5,25,15
597,"种子铁球","","GRASS","STEEL",5,25,16
598,"坚果哑铃","","GRASS","STEEL",5,25,17
599,"齿轮儿","","STEEL","",5,25,18
600,"齿轮组","","STEEL","",5,25,19
601,"齿轮怪","","STEEL","",5,25,20
602,"麻麻小鱼","","ELECTRIC","",5,25,21
603,"麻麻鳗","","ELECTRIC","",5,25,22
604,"麻麻鳗鱼王","","ELECTRIC","",5,25,23
605,"小灰怪","","PSYCHIC","",5,25,24
606,"大宇怪","","PSYCHIC","",5,25,25
607,"烛光灵","","GHOST","FIRE",5,25,26
608,"灯火幽灵","","GHOST","FIRE",5,25,27
609,"水晶灯火灵","","GHOST","FIRE",5,25,28
610,"牙牙","","DRAGON","",5,25,29
611,"斧牙龙","","DRAGON","",5,26,0
612,"双斧战龙","","DRAGON","",5,26,1
613,"喷嚏熊","","ICE","",5,26,2
614,"冻原熊","","ICE","",5,26,3
615,"几何雪花","","ICE","",5,26,4
616,"小嘴蜗","","BUG","",5,26,5
617,"敏捷虫","","BUG","",5,26,6
618,"泥巴鱼","","GROUND","ELECTRIC",5,26,7
618,"泥巴鱼","伽勒尔的样子","GROUND","STEEL",5,26,8
619,"功夫鼬","","FIGHT","",5,26,9
620,"师父鼬","","FIGHT","",5,26,10
621,"赤面龙","","DRAGON","",5,26,11
622,"泥偶小人","","GROUND","GHOST",5,26,12
623,"泥偶巨人","","GROUND","GHOST",5,26,13
624,"驹刀小兵","","DARK","STEEL",5,26,14
625,"劈斩司令","","DARK","STEEL",5,26,15
626,"爆炸头水牛","","NORMAL","",5,26,16
627,"毛头小鹰","","NORMAL","FLYING",5,26,17
628,"勇士雄鹰","","NORMAL","FLYING",5,26,18
628,"勇士雄鹰","洗翠的样子","PSYCHIC","FLYING",5,0,0
629,"秃鹰丫头","","DARK","FLYING",5,26,19
630,"秃鹰娜","","DARK","FLYING",5,26,20
631,"熔蚁兽","","FIRE","",5,26,21
632,"铁蚁","","BUG","STEEL",5,26,22
633,"单首龙","","DARK","DRAGON",5,26,23
634,"双首暴龙","","DARK","DRAGON",5,26,24
635,"三首恶龙","","DARK","DRAGON",5,26,25
636,"燃烧虫","","BUG","FIRE",5,26,26
637,"火神蛾","","BUG","FIRE",5,26,27
638,"勾帕路翁","","STEEL","FIGHT",5,26,28
639,"代拉基翁","","ROCK","FIGHT",5,26,29
640,"毕力吉翁","","GRASS","FIGHT",5,27,0
641,"龙卷云","","FLYING","",5,27,1
642,"雷电云","","ELECTRIC","FLYING",5,27,3
643,"莱希拉姆","","DRAGON","FIRE",5,27,5
644,"捷克罗姆","","DRAGON","ELECTRIC",5,27,6
645,"土地云","","GROUND","FLYING",5,27,7
646,"酋雷姆","","DRAGON","ICE",5,27,9
647,"凯路迪欧","","WATER","FIGHT",5,27,12
648,"美洛耶塔","","NORMAL","PSYCHIC",5,27,14
649,"盖诺赛克特","","BUG","STEEL",5,27,16
650,"哈力栗","","GRASS","",6,27,21
651,"胖胖哈力","","GRASS","",6,27,22
652,"布里卡隆","","GRASS","FIGHT",6,27,23
653,"火狐狸","","FIRE","",6,27,24
654,"长尾火狐","","FIRE","",6,27,25
655,"妖火红狐","","FIRE","PSYCHIC",6,27,26
656,"呱呱泡蛙","","WATER","",6,27,27
657,"呱头蛙","","WATER","",6,27,28
658,"甲贺忍蛙","","WATER","DARK",6,27,29
659,"掘掘兔","","NORMAL","",6,28,2
660,"掘地兔","","NORMAL","GROUND",6,28,3
661,"小箭雀","","NORMAL","FLYING",6,28,23
662,"火箭雀","","FIRE","FLYING",6,28,24
663,"烈箭鹰","","FIRE","FLYING",6,28,25
664,"粉蝶虫","","BUG","",6,28,26
665,"粉蝶蛹","","BUG","",6,28,27
666,"彩粉蝶","","BUG","FLYING",6,28,19
667,"小狮狮","","FIRE","NORMAL",6,28,29
668,"火炎狮","","FIRE","NORMAL",6,29,0
669,"花蓓蓓","","FAIRY","",6,29,2
670,"花叶蒂","","FAIRY","",6,29,7
671,"花洁夫人","","FAIRY","",6,29,13
672,"坐骑小羊","","GRASS","",6,29,18
673,"坐骑山羊","","GRASS","",6,29,19
674,"顽皮熊猫","","FIGHT","",6,29,20
675,"流氓熊猫","","FIGHT","DARK",6,29,21
676,"多丽米亚","","NORMAL","",6,29,22
677,"妙喵","","PSYCHIC","",6,30,2
678,"超能妙喵","","PSYCHIC","",6,30,3
679,"独剑鞘","","STEEL","GHOST",6,30,5
680,"双剑鞘","","STEEL","GHOST",6,30,6
681,"坚盾剑怪","","STEEL","GHOST",6,30,7
682,"粉香香","","FAIRY","",6,30,9
683,"芳香精","","FAIRY","",6,30,10
684,"绵绵泡芙","","FAIRY","",6,30,11
685,"胖甜妮","","FAIRY","",6,30,12
686,"好啦鱿","","DARK","PSYCHIC",6,30,13
687,"乌贼王","","DARK","PSYCHIC",6,30,14
688,"龟脚脚","","ROCK","WATER",6,30,15
689,"龟足巨铠","","ROCK","WATER",6,30,16
690,"垃垃藻","","POISON","WATER",6,30,17
691,"毒藻龙","","POISON","DRAGON",6,30,18
692,"铁臂枪虾","","WATER","",6,30,19
693,"钢炮臂虾","","WATER","",6,30,20
694,"伞电蜥","","ELECTRIC","NORMAL",6,30,21
695,"光电伞蜥","","ELECTRIC","NORMAL",6,30,22
696,"宝宝暴龙","","ROCK","DRAGON",6,30,23
697,"怪颚龙","","ROCK","DRAGON",6,30,24
698,"冰雪龙","","ROCK","ICE",6,30,25
699,"冰雪巨龙","","ROCK","ICE",6,30,26
700,"仙子伊布","","FAIRY","",6,30,27
701,"摔角鹰人","","FIGHT","FLYING",6,30,28
702,"咚咚鼠","","ELECTRIC","FAIRY",6,30,29
703,"小碎钻","","ROCK","FAIRY",6,31,0
704,"黏黏宝","","DRAGON","",6,31,1
705,"黏美儿","","DRAGON","",6,31,2
705,"黏美儿","洗翠的样子","STEEL","DRAGON",6,0,0
706,"黏美龙","","DRAGON","",6,31,3
706,"黏美龙","洗翠的样子","STEEL","DRAGON",6,0,0
707,"钥圈儿","","STEEL","FAIRY",6,31,4
708,"小木灵","","GHOST","GRASS",6,31,5
709,"朽木妖","","GHOST","GRASS",6,31,6
710,"南瓜精","","GHOST","GRASS",6,31,7
711,"南瓜怪人","","GHOST","GRASS",6,31,11
712,"冰宝","","ICE","",6,31,15
713,"冰岩怪","","ICE","",6,31,16
713,"冰岩怪","洗翠的样子","ICE","ROCK",6,0,0
714,"嗡蝠","","FLYING","DRAGON",6,31,17
715,"音波龙","","FLYING","DRAGON",6,31,18
716,"哲尔尼亚斯","","FAIRY","",6,31,20
717,"伊裴尔塔尔","","DARK","FLYING",6,31,21
718,"基格尔德","","DRAGON","GROUND",6,31,22
719,"蒂安希","","ROCK","FAIRY",6,31,27
720,"胡帕","","PSYCHIC","GHOST",6,31,29
721,"波尔凯尼恩","","FIRE","WATER",6,32,1
722,"木木枭","","GRASS","FLYING",7,32,2
723,"投羽枭","","GRASS","FLYING",7,32,3
724,"狙射树枭","","GRASS","GHOST",7,32,4
724,"狙射树枭","洗翠的样子","GRASS","FIGHT",7,0,0
725,"火斑喵","","FIRE","",7,32,5
726,"炎热喵","","FIRE","",7,32,6
727,"炽焰咆哮虎","","FIRE","DARK",7,32,7
728,"球球海狮","","WATER","",7,32,8
729,"花漾海狮","","WATER","",7,32,9
730,"西狮海壬","","WATER","FAIRY",7,32,10
731,"小笃儿","","NORMAL","FLYING",7,32,11
732,"喇叭啄鸟","","NORMAL","FLYING",7,32,12
733,"铳嘴大鸟","","NORMAL","FLYING",7,32,13
734,"猫鼬少","","NORMAL","",7,32,14
735,"猫鼬探长","","NORMAL","",7,32,15
736,"强颚鸡母虫","","BUG","",7,32,17
737,"虫电宝","","BUG","ELECTRIC",7,32,18
738,"锹农炮虫","","BUG","ELECTRIC",7,32,19
739,"好胜蟹","","FIGHT","",7,32,21
740,"好胜毛蟹","","FIGHT","ICE",7,32,22
741,"花舞鸟","","FIRE","FLYING",7,32,23
742,"萌虻","","BUG","FAIRY",7,32,27
743,"蝶结萌虻","","BUG","FAIRY",7,32,28
744,"岩狗狗","","ROCK","",7,33,0
745,"鬃岩狼人","","ROCK","",7,33,2
746,"弱丁鱼","","WATER","",7,33,5
747,"好坏星","","POISON","WATER",7,33,7
748,"超坏星","","POISON","WATER",7,33,8
749,"泥驴仔","","GROUND","",7,33,9
750,"重泥挽马","","GROUND","",7,33,10
751,"滴蛛","","WATER","BUG",7,33,11
752,"滴蛛霸","","WATER","BUG",7,33,12
753,"伪螳草","","GRASS","",7,33,14
754,"兰螳花","","GRASS","",7,33,15
755,"睡睡菇","","GRASS","FAIRY",7,33,17
756,"灯罩夜菇","","GRASS","FAIRY",7,33,18
757,"夜盗火蜥","","POISON","FIRE",7,33,19
758,"焰后蜥","","POISON","FIRE",7,33,20
759,"童偶熊","","NORMAL","FIGHT",7,33,22
760,"穿着熊","","NORMAL","FIGHT",7,33,23
761,"甜竹竹","","GRASS","",7,33,24
762,"甜舞妮","","GRASS","",7,33,25
763,"甜冷美后","","GRASS","",7,33,26
764,"花疗环环","","FAIRY","",7,33,27
765,"智挥猩","","NORMAL","PSYCHIC",7,33,28
766,"投掷猴","","FIGHT","",7,33,29
767,"胆小虫","","BUG","WATER",7,34,0
768,"具甲武者","","BUG","WATER",7,34,1
769,"沙丘娃","","GHOST","GROUND",7,34,2
770,"噬沙堡爷","","GHOST","GROUND",7,34,3
771,"拳海参","","WATER","",7,34,4
772,"属性：空","","NORMAL","",7,34,5
773,"银伴战兽","","NORMAL","",7,34,6
774,"小陨星","","ROCK","FLYING",7,34,24
775,"树枕尾熊","","NORMAL","",7,35,8
776,"爆焰龟兽","","FIRE","DRAGON",7,35,9
777,"托戈德玛尔","","ELECTRIC","STEEL",7,35,10
778,"谜拟Ｑ","","GHOST","FAIRY",7,35,12
779,"磨牙彩皮鱼","","WATER","PSYCHIC",7,35,15
780,"老翁龙","","NORMAL","DRAGON",7,35,16
781,"破破舵轮","","GHOST","GRASS",7,35,17
782,"心鳞宝","","DRAGON","",7,35,18
783,"鳞甲龙","","DRAGON","FIGHT",7,35,19
784,"杖尾鳞甲龙","","DRAGON","FIGHT",7,35,20
785,"卡璞・鸣鸣","","ELECTRIC","FAIRY",7,35,22
786,"卡璞・蝶蝶","","PSYCHIC","FAIRY",7,35,23
787,"卡璞・哞哞","","GRASS","FAIRY",7,35,24
788,"卡璞・鳍鳍","","WATER","FAIRY",7,35,25
789,"科斯莫古","","PSYCHIC","",7,35,26
790,"科斯莫姆","","PSYCHIC","",7,35,27
791,"索尔迦雷欧","","PSYCHIC","STEEL",7,35,28
792,"露奈雅拉","","PSYCHIC","GHOST",7,35,29
793,"虚吾伊德","","ROCK","POISON",7,36,0
794,"爆肌蚊","","BUG","FIGHT",7,36,1
795,"费洛美螂","","BUG","FIGHT",7,36,2
796,"电束木","","ELECTRIC","",7,36,3
797,"铁火辉夜","","STEEL","FLYING",7,36,4
798,"纸御剑","","GRASS","STEEL",7,36,5
799,"恶食大王","","DARK","DRAGON",7,36,6
800,"奈克洛兹玛","","PSYCHIC","",7,36,7
801,"玛机雅娜","","STEEL","FAIRY",7,36,11
802,"玛夏多","","FIGHT","GHOST",7,36,13
803,"毒贝比","","POISON","",7,36,14
804,"四颚针龙","","POISON","DRAGON",7,36,15
805,"垒磊石","","ROCK","STEEL",7,36,16
806,"砰头小丑","","FIRE","GHOST",7,36,17
807,"捷拉奥拉","","ELECTRIC","",7,36,18
808,"美录坦","","STEEL","",7,36,19
809,"美录梅塔","","STEEL","",7,36,20
810,"敲音猴","","GRASS","",8,36,22
811,"啪咚猴","","GRASS","",8,36,23
812,"轰擂金刚猩","","GRASS","",8,36,24
813,"炎兔儿","","FIRE","",8,36,25
814,"腾蹴小将","","FIRE","",8,36,26
815,"闪焰王牌","","FIRE","",8,36,27
816,"泪眼蜥","","WATER","",8,36,28
817,"变涩蜥","","WATER","",8,36,29
818,"千面避役","","WATER","",8,37,0
819,"贪心栗鼠","","NORMAL","",8,37,1
820,"藏饱栗鼠","","NORMAL","",8,37,2
821,"稚山雀","","FLYING","",8,37,3
822,"蓝鸦","","FLYING","",8,37,4
823,"钢铠鸦","","FLYING","STEEL",8,37,5
824,"索侦虫","","BUG","",8,37,7
825,"天罩虫","","BUG","PSYCHIC",8,37,8
826,"以欧路普","","BUG","PSYCHIC",8,37,9
827,"偷儿狐","","DARK","",8,37,11
828,"狐大盗","","DARK","",8,37,12
829,"幼棉棉","","GRASS","",8,37,13
830,"白蓬蓬","","GRASS","",8,37,14
831,"毛辫羊","","NORMAL","",8,37,15
832,"毛毛角羊","","NORMAL","",8,37,16
833,"咬咬龟","","WATER","",8,37,17
834,"暴噬龟","","WATER","ROCK",8,37,18
835,"来电汪","","ELECTRIC","",8,37,20
836,"逐电犬","","ELECTRIC","",8,37,21
837,"小炭仔","","ROCK","",8,37,22
838,"大炭车","","ROCK","FIRE",8,37,23
839,"巨炭山","","ROCK","FIRE",8,37,24
840,"啃果虫","","GRASS","DRAGON",8,37,26
841,"苹裹龙","","GRASS","DRAGON",8,37,27
842,"丰蜜龙","","GRASS","DRAGON",8,37,29
843,"沙包蛇","","GROUND","",8,38,1
844,"沙螺蟒","","GROUND","",8,38,2
845,"古月鸟","","FLYING","WATER",8,38,4
846,"刺梭鱼","","WATER","",8,38,7
847,"戽斗尖梭","","WATER","",8,38,8
848,"毒电婴","","ELECTRIC","POISON",8,38,9
849,"颤弦蝾螈","","ELECTRIC","POISON",8,38,10
850,"烧火蚣","","FIRE","BUG",8,38,13
851,"焚焰蚣","","FIRE","BUG",8,38,14
852,"拳拳蛸","","FIGHT","",8,38,16
853,"八爪武师","","FIGHT","",8,38,17
854,"来悲茶","","GHOST","",8,38,18
855,"怖思壶","","GHOST","",8,38,20
856,"迷布莉姆","","PSYCHIC","",8,38,22
857,"提布莉姆","","PSYCHIC","",8,38,23
858,"布莉姆温","","PSYCHIC","FAIRY",8,38,24
859,"捣蛋小妖","","DARK","FAIRY",8,38,26
860,"诈唬魔","","DARK","FAIRY",8,38,27
861,"长毛巨魔","","DARK","FAIRY",8,38,28
862,"堵拦熊","","DARK","NORMAL",8,39,0
863,"喵头目","","STEEL","",8,39,1
864,"魔灵珊瑚","","GHOST","",8,39,2
865,"葱游兵","","FIGHT","",8,39,3
866,"踏冰人偶","","ICE","PSYCHIC",8,39,4
867,"死神板","","GROUND","GHOST",8,39,5
868,"小仙奶","","FAIRY","",8,39,6
869,"霜奶仙","","FAIRY","",8,39,7
870,"列阵兵","","FIGHT","",8,39,17
871,"啪嚓海胆","","ELECTRIC","",8,39,18
872,"雪吞虫","","ICE","BUG",8,39,19
873,"雪绒蛾","","ICE","BUG",8,39,20
874,"巨石丁","","ROCK","",8,39,21
875,"冰砌鹅","","ICE","",8,39,22
876,"爱管侍","","PSYCHIC","NORMAL",8,39,24
877,"莫鲁贝可","","ELECTRIC","DARK",8,39,26
878,"铜象","","STEEL","",8,39,28
879,"大王铜象","","STEEL","",8,39,29
880,"雷鸟龙","","ELECTRIC","DRAGON",8,40,1
881,"雷鸟海兽","","ELECTRIC","ICE",8,40,2
882,"鳃鱼龙","","WATER","DRAGON",8,40,3
883,"鳃鱼海兽","","WATER","ICE",8,40,4
884,"铝钢龙","","STEEL","DRAGON",8,40,5
885,"多龙梅西亚","","DRAGON","GHOST",8,40,7
886,"多龙奇","","DRAGON","GHOST",8,40,8
887,"多龙巴鲁托","","DRAGON","GHOST",8,40,9
888,"苍响","","FAIRY","",8,40,10
889,"藏玛然特","","FIGHT","",8,40,12
890,"无极汰那","","POISON","DRAGON",8,40,14
891,"熊徒弟","","FIGHT","",8,40,20
892,"武道熊师","","FIGHT","DARK",8,40,21
893,"萨戮德","","DARK","GRASS",8,40,25
894,"雷吉艾勒奇","","ELECTRIC","",8,41,2
895,"雷吉铎拉戈","","DRAGON","",8,41,3
896,"雪暴马","","ICE","",8,41,4
897,"灵幽马","","GHOST","",8,41,5
898,"蕾冠王","","PSYCHIC","GRASS",8,41,6
899,"诡角鹿","","NORMAL","PSYCHIC",8,0,0
900,"劈斧螳螂","","BUG","ROCK",8,0,0
901,"月月熊","","GROUND","NORMAL",8,0,0
902,"幽尾玄鱼","","WATER","GHOST",8,0,0
903,"大狃拉","","FIGHT","POISON",8,0,0
904,"万针鱼","","DARK","POISON",8,0,0
905,"眷恋云","","FAIRY","FLYING",8,0,0
