"第一世代","1","拍击","一般","物理","40","100","35","使用长长的尾巴或手等拍打对手进行攻击。"
"第一世代","2","空手劈","格斗","物理","50","100","25","用锋利的手刀劈向对手进行攻击。容易击中要害。"
"第一世代","3","连环巴掌","一般","物理","15","85","10","用连环巴掌拍打对手进行攻击。连续攻击２～５次。"
"第一世代","4","连续拳","一般","物理","18","85","15","用拳头怒涛般的殴打对手进行攻击。连续攻击２～５次。"
"第一世代","5","百万吨重拳","一般","物理","80","85","20","用充满力量的拳头攻击对手。"
"第一世代","6","聚宝功","一般","物理","40","100","20","向对手的身体投掷小金币进行攻击。战斗后可以拿到钱。"
"第一世代","7","火焰拳","火","物理","75","100","15","用充满火焰的拳头攻击对手。有时会让对手陷入灼伤状态。"
"第一世代","8","冰冻拳","冰","物理","75","100","15","用充满寒气的拳头攻击对手。有时会让对手陷入冰冻状态。"
"第一世代","9","雷电拳","电","物理","75","100","15","用充满电流的拳头攻击对手。有时会让对手陷入麻痹状态。"
"第一世代","10","抓","一般","物理","40","100","35","用坚硬且无比锋利的爪子抓对手进行攻击。"
"第一世代","11","夹住","一般","物理","55","100","30","将对手从两侧夹住，给予伤害。"
"第一世代","12","断头钳","一般","物理","变化","变化","5","用大钳子或剪刀等夹断对手进行攻击。只要命中就会一击濒死。"
"第一世代","13","旋风刀","一般","特殊","80","100","10","制造风之刃，于第２回合攻击对手。容易击中要害。"
"第一世代","14","剑舞","一般","变化","—","—","20","激烈地跳起战舞提高气势。大幅提高自己的攻击。"
"第一世代","15","居合斩","一般","物理","50","95","30","用镰刀或爪子等切斩对手进行攻击。"
"第一世代","16","起风","飞行","特殊","40","100","35","用翅膀将刮起的狂风袭向对手进行攻击。"
"第一世代","17","翅膀攻击","飞行","物理","60","100","35","大大地展开美丽的翅膀，将其撞向对手进行攻击。"
"第一世代","18","吹飞","一般","变化","—","100","20","吹飞对手，强制拉后备宝可梦上场。如果对手为野生宝可梦，战斗将直接结束。"
"第一世代","19","飞翔","飞行","物理","90","95","15","第１回合飞上天空，第２回合攻击对手。"
"第一世代","20","绑紧","一般","物理","15","85","20","使用长长的身体或藤蔓等，在４～５回合内绑紧对手进行攻击。"
"第一世代","21","摔打","一般","物理","80","75","20","使用长长的尾巴或藤蔓等摔打对手进行攻击。"
"第一世代","22","藤鞭","草","物理","45","100","25","用如同鞭子般弯曲而细长的藤蔓摔打对手进行攻击。"
"第一世代","23","踩踏","一般","物理","65","100","20","用大脚踩踏对手进行攻击。有时会使对手畏缩。"
"第一世代","24","二连踢","格斗","物理","30","100","30","用２只脚踢飞对手进行攻击。连续２次给予伤害。"
"第一世代","25","百万吨重踢","一般","物理","120","75","5","使出力大无穷的重踢踢飞对手进行攻击。"
"第一世代","26","飞踢","格斗","物理","100","95","10","使出高高的腾空踢攻击对手。如果踢偏则自己会受到伤害。"
"第一世代","27","回旋踢","格斗","物理","60","85","15","一边使身体快速旋转，一边踢飞对手进行攻击。有时会使对手畏缩。"
"第一世代","28","泼沙","地面","变化","—","100","15","向对手脸上泼沙子，从而降低命中率。"
"第一世代","29","头锤","一般","物理","70","100","15","将头伸出，笔直地扑向对手进行攻击。有时会使对手畏缩。"
"第一世代","30","角撞","一般","物理","65","100","25","用尖锐的角攻击对手。"
"第一世代","31","乱击","一般","物理","15","85","20","用角或喙刺向对手进行攻击。连续攻击２～５次。"
"第一世代","32","角钻","一般","物理","变化","变化","5","用旋转的角刺入对手进行攻击。只要命中就会一击濒死。"
"第一世代","33","撞击","一般","物理","40","100","35","用整个身体撞向对手进行攻击。"
"第一世代","34","泰山压顶","一般","物理","85","100","15","用整个身体压住对手进行攻击。有时会让对手陷入麻痹状态。"
"第一世代","35","紧束","一般","物理","15","90","20","使用长长的身体或藤蔓等，在４～５回合内紧束对手进行攻击。"
"第一世代","36","猛撞","一般","物理","90","85","20","以惊人的气势撞向对手进行攻击。自己也会受到少许伤害。"
"第一世代","37","大闹一番","一般","物理","120","100","10","在２～３回合内，乱打一气地攻击对手。大闹一番后自己会陷入混乱。"
"第一世代","38","舍身冲撞","一般","物理","120","100","15","拼命地猛撞向对手进行攻击。自己也会受到不小的伤害。"
"第一世代","39","摇尾巴","一般","变化","—","100","30","可爱地左右摇晃尾巴，诱使对手疏忽大意。会降低对手的防御。"
"第一世代","40","毒针","毒","物理","15","100","35","将有毒的针刺入对手进行攻击。有时会让对手陷入中毒状态。"
"第一世代","41","双针","虫","物理","25","100","20","将２根针刺入对手，连续２次给予伤害。有时会让对手陷入中毒状态。"
"第一世代","42","飞弹针","虫","物理","25","95","20","向对手发射锐针进行攻击。连续攻击２～５次。"
"第一世代","43","瞪眼","一般","变化","—","100","30","用犀利的眼神使其害怕，从而降低对手的防御。"
"第一世代","44","咬住","恶","物理","60","100","25","用尖锐的牙咬住对手进行攻击。有时会使对手畏缩。"
"第一世代","45","叫声","一般","变化","—","100","40","让对手听可爱的叫声，引开注意力使其疏忽，从而降低对手的攻击。"
"第一世代","46","吼叫","一般","变化","—","—","20","放走对手，强制拉后备宝可梦上场。如果对手为野生宝可梦，战斗将直接结束。"
"第一世代","47","唱歌","一般","变化","—","55","15","让对手听舒适、美妙的歌声，从而陷入睡眠状态。"
"第一世代","48","超音波","一般","变化","—","55","20","从身体发出特殊的音波，从而使对手混乱。"
"第一世代","49","音爆","一般","特殊","变化","90","20","将冲击波撞向对手进行攻击。必定会给予２０的伤害。"
"第一世代","50","定身法","一般","变化","—","100","20","阻碍对手行动，之前使出的招式将在４回合内无法使用。"
"第一世代","51","溶解液","毒","特殊","40","100","30","将强酸泼向对手进行攻击。有时会降低对手的特防。"
"第一世代","52","火花","火","特殊","40","100","25","向对手发射小型火焰进行攻击。有时会让对手陷入灼伤状态。"
"第一世代","53","喷射火焰","火","特殊","90","100","15","向对手发射烈焰进行攻击。有时会让对手陷入灼伤状态。"
"第一世代","54","白雾","冰","变化","—","—","30","用白雾覆盖身体。在５回合内不会让对手降低自己的能力。"
"第一世代","55","水枪","水","特殊","40","100","25","向对手猛烈地喷射水流进行攻击。"
"第一世代","56","水炮","水","特殊","110","80","5","向对手猛烈地喷射大量水流进行攻击。"
"第一世代","57","冲浪","水","特殊","90","100","15","利用大浪攻击自己周围所有的宝可梦。"
"第一世代","58","冰冻光束","冰","特殊","90","100","10","向对手发射冰冻光束进行攻击。有时会让对手陷入冰冻状态。"
"第一世代","59","暴风雪","冰","特殊","110","70","5","将猛烈的暴风雪刮向对手进行攻击。有时会让对手陷入冰冻状态。"
"第一世代","60","幻象光线","超能力","特殊","65","100","20","向对手发射神奇的光线进行攻击。有时会使对手混乱。"
"第一世代","61","泡沫光线","水","特殊","65","100","20","向对手猛烈地喷射泡沫进行攻击。有时会降低对手的速度。"
"第一世代","62","极光束","冰","特殊","65","100","20","向对手发射虹色光束进行攻击。有时会降低对手的攻击。"
"第一世代","63","破坏光线","一般","特殊","150","90","5","向对手发射强烈的光线进行攻击。下一回合自己将无法动弹。"
"第一世代","64","啄","飞行","物理","35","100","35","用尖锐的喙或角刺向对手进行攻击。"
"第一世代","65","啄钻","飞行","物理","80","100","20","一边旋转，一边将尖喙刺入对手进行攻击。"
"第一世代","66","地狱翻滚","格斗","物理","80","80","20","将对手连同自己一起摔向地面进行攻击。自己也会受到少许伤害。"
"第一世代","67","踢倒","格斗","物理","变化","100","20","用力踢对手的脚，使其摔倒进行攻击。对手越重，威力越大。"
"第一世代","68","双倍奉还","格斗","物理","变化","100","20","从对手那里受到物理攻击的伤害将以２倍返还给同一个对手。"
"第一世代","69","地球上投","格斗","物理","变化","100","20","利用引力将对手甩飞出去。给予对手和自己等级相同的伤害。"
"第一世代","70","怪力","一般","物理","80","100","15","使出浑身力气殴打对手进行攻击。"
"第一世代","71","吸取","草","特殊","20","100","25","吸取对手的养分进行攻击。可以回复给予对手伤害的一半ＨＰ。"
"第一世代","72","超级吸取","草","特殊","40","100","15","吸取对手的养分进行攻击。可以回复给予对手伤害的一半ＨＰ。"
"第一世代","73","寄生种子","草","变化","—","90","10","植入寄生种子后，将在每回合一点一点吸取对手的ＨＰ，从而用来回复自己的ＨＰ。"
"第一世代","74","生长","一般","变化","—","—","20","让身体一下子长大，从而提高攻击和特攻。"
"第一世代","75","飞叶快刀","草","物理","55","95","25","飞出叶片，切斩对手进行攻击。容易击中要害。"
"第一世代","76","日光束","草","特殊","120","100","10","第１回合收集满满的日光，第２回合发射光束进行攻击。"
"第一世代","77","毒粉","毒","变化","—","75","35","撒出毒粉，从而让对手陷入中毒状态。"
"第一世代","78","麻痹粉","草","变化","—","75","30","撒出麻痹粉，从而让对手陷入麻痹状态。"
"第一世代","79","催眠粉","草","变化","—","75","15","撒出催眠粉，从而让对手陷入睡眠状态。"
"第一世代","80","花瓣舞","草","特殊","120","100","10","在２～３回合内，散落花瓣攻击对手。之后自己会陷入混乱。"
"第一世代","81","吐丝","虫","变化","—","95","40","用口中吐出的丝缠绕对手，从而大幅降低对手的速度。"
"第一世代","82","龙之怒","龙","特殊","变化","100","10","将愤怒的冲击波撞向对手进行攻击。必定会给予４０的伤害。"
"第一世代","83","火焰旋涡","火","特殊","35","85","15","将对手困在激烈的火焰旋涡中，在４～５回合内进行攻击。"
"第一世代","84","电击","电","特殊","40","100","30","发出电流刺激对手进行攻击。有时会让对手陷入麻痹状态。"
"第一世代","85","十万伏特","电","特殊","90","100","15","向对手发出强力电击进行攻击。有时会让对手陷入麻痹状态。"
"第一世代","86","电磁波","电","变化","—","90","20","向对手发出微弱的电击，从而让对手陷入麻痹状态。"
"第一世代","87","打雷","电","特殊","110","70","10","向对手劈下暴雷进行攻击。有时会让对手陷入麻痹状态。"
"第一世代","88","落石","岩石","物理","50","90","15","拿起小岩石，投掷对手进行攻击。"
"第一世代","89","地震","地面","物理","100","100","10","利用地震的冲击，攻击自己周围所有的宝可梦。"
"第一世代","90","地裂","地面","物理","变化","变化","5","让对手掉落于地裂的裂缝中进行攻击。只要命中就会一击濒死。"
"第一世代","91","挖洞","地面","物理","80","100","10","第１回合钻入，第２回合攻击对手。"
"第一世代","92","剧毒","毒","变化","—","90","10","让对手陷入剧毒状态。随着回合的推进，中毒伤害会增加。"
"第一世代","93","念力","超能力","特殊","50","100","25","向对手发送微弱的念力进行攻击。有时会使对手混乱。"
"第一世代","94","精神强念","超能力","特殊","90","100","10","向对手发送强大的念力进行攻击。有时会降低对手的特防。"
"第一世代","95","催眠术","超能力","变化","—","60","20","施以诱导睡意的暗示，让对手陷入睡眠状态。"
"第一世代","96","瑜伽姿势","超能力","变化","—","—","40","唤醒身体深处沉睡的力量，从而提高自己的攻击。"
"第一世代","97","高速移动","超能力","变化","—","—","30","让身体放松变得轻盈，以便高速移动。大幅提高自己的速度。"
"第一世代","98","电光一闪","一般","物理","40","100","30","以迅雷不及掩耳之势扑向对手。必定能够先制攻击。"
"第一世代","99","愤怒","一般","物理","20","100","20","如果在使出招式后受到攻击的话，会因愤怒的力量而提高攻击。"
"第一世代","100","瞬间移动","超能力","变化","—","—","20","停止和野生宝可梦战斗并逃走。"
"第一世代","101","黑夜魔影","幽灵","特殊","变化","100","15","显示恐怖幻影，只给予对手和自己等级相同的伤害。"
"第一世代","102","模仿","一般","变化","—","—","10","可以将对手最后使用的招式，在战斗内变成自己的招式。"
"第一世代","103","刺耳声","一般","变化","—","85","40","发出不由自主想要捂起耳朵的刺耳声，从而大幅降低对手的防御。"
"第一世代","104","影子分身","一般","变化","—","—","15","通过快速移动来制造分身，扰乱对手，从而提高闪避率。"
"第一世代","105","自我再生","一般","变化","—","—","10","让全身的细胞获得再生，回复一半ＨＰ。"
"第一世代","106","变硬","一般","变化","—","—","30","全身使劲，让身体变硬，从而提高自己的防御。"
"第一世代","107","变小","一般","变化","—","—","10","蜷缩身体显得很小，从而大幅提高自己的闪避率。"
"第一世代","108","烟幕","一般","变化","—","100","20","向对手喷出烟或墨汁等，从而降低对手的命中率。"
"第一世代","109","奇异之光","幽灵","变化","—","100","10","显示奇怪的光，扰乱对手。使对手混乱。"
"第一世代","110","缩入壳中","水","变化","—","—","40","缩入壳里保护身体，从而提高自己的防御。"
"第一世代","111","变圆","一般","变化","—","—","40","将身体蜷曲变圆，从而提高自己的防御。"
"第一世代","112","屏障","超能力","变化","—","—","20","制造坚固的壁障，从而大幅提高自己的防御。"
"第一世代","113","光墙","超能力","变化","—","—","30","在５回合内使用神奇的墙，减弱从对手那受到的特殊攻击的伤害。"
"第一世代","114","黑雾","冰","变化","—","—","30","升起黑雾，将正在场上战斗的全体宝可梦的能力变回原点。"
"第一世代","115","反射壁","超能力","变化","—","—","20","在５回合内使用神奇的墙，减弱从对手那受到的物理攻击的伤害。"
"第一世代","116","聚气","一般","变化","—","—","30","深深地吸口气，集中精神。自己的攻击会变得容易击中要害。"
"第一世代","117","忍耐","一般","物理","变化","—","10","在２回合内忍受攻击，受到的伤害会２倍返还给对手。"
"第一世代","118","挥指","一般","变化","—","—","10","挥动手指刺激自己的大脑，从所有的招式中任意使出１个。"
"第一世代","119","鹦鹉学舌","飞行","变化","—","—","20","模仿对手使用的招式，自己也使用相同招式。"
"第一世代","120","自爆","一般","物理","200","100","5","引发爆炸，攻击自己周围所有的宝可梦。使用后陷入濒死。"
"第一世代","121","炸蛋","一般","物理","100","75","10","向对手用力投掷大大的蛋进行攻击。"
"第一世代","122","舌舔","幽灵","物理","30","100","30","用长长的舌头，舔遍对手进行攻击。有时会让对手陷入麻痹状态。"
"第一世代","123","浊雾","毒","特殊","30","70","20","将肮脏的浓雾吹向对手进行攻击。有时会让对手陷入中毒状态。"
"第一世代","124","污泥攻击","毒","特殊","65","100","20","用污泥投掷对手进行攻击。有时会让对手陷入中毒状态。"
"第一世代","125","骨棒","地面","物理","65","85","20","用手中的骨头殴打对手进行攻击。有时会使对手畏缩。"
"第一世代","126","大字爆炎","火","特殊","110","85","5","用大字形状的火焰烧尽对手。有时会让对手陷入灼伤状态。"
"第一世代","127","攀瀑","水","物理","80","100","15","以惊人的气势扑向对手。有时会使对手畏缩。"
"第一世代","128","贝壳夹击","水","物理","35","85","15","用非常坚固且厚实的贝壳，在４～５回合内夹住对手进行攻击。"
"第一世代","129","高速星星","一般","特殊","60","—","20","发射星形的光攻击对手。攻击必定会命中。"
"第一世代","130","火箭头锤","一般","物理","130","100","10","第１回合把头缩进去，从而提高防御。第２回合攻击对手。"
"第一世代","131","尖刺加农炮","一般","物理","20","100","15","向对手发射锐针进行攻击。连续攻击２～５次。"
"第一世代","132","缠绕","一般","物理","10","100","35","用触手或青藤等缠绕进行攻击。有时会降低对手的速度。"
"第一世代","133","瞬间失忆","超能力","变化","—","—","20","将头脑清空，瞬间忘记某事，从而大幅提高自己的特防。"
"第一世代","134","折弯汤匙","超能力","变化","—","80","15","折弯汤匙引开注意，从而降低对手的命中率。"
"第一世代","135","生蛋","一般","变化","—","—","10","回复自己最大ＨＰ的一半。"
"第一世代","136","飞膝踢","格斗","物理","130","90","10","跳起后用膝盖撞对手进行攻击。如果撞偏则自己会受到伤害。"
"第一世代","137","大蛇瞪眼","一般","变化","—","100","30","用腹部的花纹使对手害怕，从而让其陷入麻痹状态。"
"第一世代","138","食梦","超能力","特殊","100","100","15","吃掉正在睡觉的对手的梦进行攻击。回复对手所受到伤害的一半ＨＰ。"
"第一世代","139","毒瓦斯","毒","变化","—","90","40","将毒瓦斯吹到对手的脸上，从而让对手陷入中毒状态。"
"第一世代","140","投球","一般","物理","15","85","20","向对手投掷圆形物体进行攻击。连续攻击２～５次。"
"第一世代","141","吸血","虫","物理","80","100","10","吸取血液攻击对手。可以回复给予对手伤害的一半ＨＰ。"
"第一世代","142","恶魔之吻","一般","变化","—","75","10","用恐怖的脸强吻对手。让对手陷入睡眠状态。"
"第一世代","143","神鸟猛击","飞行","物理","140","90","5","第２回合攻击对手。偶尔使对手畏缩。也容易击中要害。"
"第一世代","144","变身","一般","变化","—","—","10","变身成对手宝可梦的样子，能够使用和对手完全相同的招式。"
"第一世代","145","泡沫","水","特殊","40","100","30","向对手用力吹起无数泡泡进行攻击。有时会降低对手的速度。"
"第一世代","146","迷昏拳","一般","物理","70","100","10","有节奏地出拳攻击对手。有时会使对手混乱。"
"第一世代","147","蘑菇孢子","草","变化","—","100","15","沙沙沙地撒满具有催眠效果的孢子，从而让对手陷入睡眠状态。"
"第一世代","148","闪光","一般","变化","—","100","20","使出耀眼光芒，从而降低对手的命中率。"
"第一世代","149","精神波","超能力","特殊","变化","100","15","向对手发射神奇的念波进行攻击。每次使用，伤害都会改变。"
"第一世代","150","跃起","一般","变化","—","—","40","也不攻击只是一蹦一蹦地跳，什么都不会发生……"
"第一世代","151","溶化","毒","变化","—","—","20","通过细胞的变化进行液化，从而大幅提高自己的防御。"
"第一世代","152","蟹钳锤","水","物理","100","90","10","用大钳子敲打对手进行攻击。容易击中要害。"
"第一世代","153","大爆炸","一般","物理","250","100","5","引发大爆炸，攻击自己周围所有的宝可梦。使用后自己会陷入濒死。"
"第一世代","154","乱抓","一般","物理","18","80","15","用爪子或镰刀等抓对手进行攻击。连续攻击２～５次。"
"第一世代","155","骨头回力镖","地面","物理","50","90","10","用手中的骨头投掷对手，来回连续２次给予伤害。"
"第一世代","156","睡觉","超能力","变化","—","—","10","连续睡上２回合。回复自己的全部ＨＰ以及治愈所有异常状态。"
"第一世代","157","岩崩","岩石","物理","75","90","10","将大岩石猛烈地撞向对手进行攻击。有时会使对手畏缩。"
"第一世代","158","必杀门牙","一般","物理","80","90","15","用锋利的门牙牢牢地咬住对手进行攻击。有时会使对手畏缩。"
"第一世代","159","棱角化","一般","变化","—","—","30","增加身体的角，变得棱棱角角，从而提高自己的攻击。"
"第一世代","160","纹理","一般","变化","—","—","30","将自己的属性转换成和已学会的招式中第一个招式相同的属性。"
"第一世代","161","三重攻击","一般","特殊","80","100","10","用３种光线进行攻击。有时会让对手陷入麻痹、灼伤或冰冻的状态。"
"第一世代","162","愤怒门牙","一般","物理","变化","90","10","用锋利的门牙猛烈地咬住对手进行攻击。对手的ＨＰ减半。"
"第一世代","163","劈开","一般","物理","70","100","20","用爪子或镰刀等劈开对手进行攻击。容易击中要害。"
"第一世代","164","替身","一般","变化","—","—","10","削减少许自己的ＨＰ，制造分身。分身将成为自己的替身。"
"第一世代","165","挣扎","一般","物理","50","—","—","当自己的ＰＰ耗尽时，努力挣扎攻击对手。自己也会受到少许伤害。"
"第二世代","166","写生","一般","变化","—","—","1","将对手使用的招式变成自己的招式。使用１次后写生消失。"
"第二世代","167","三连踢","格斗","物理","10","90","10","连续３次踢对手进行攻击。每踢中一次，威力就会提高。"
"第二世代","168","小偷","恶","物理","60","100","25","攻击的同时盗取道具。当自己携带道具时，不会去盗取。"
"第二世代","169","蛛网","虫","变化","—","—","10","将黏糊糊的细丝一层一层缠住对手，使其不能从战斗中逃走。"
"第二世代","170","心之眼","一般","变化","—","—","5","用心感受对手的行动，下次攻击必定会击中对手。"
"第二世代","171","恶梦","幽灵","变化","—","100","15","让在睡眠状态下的对手做恶梦，每回合会缓缓减少ＨＰ。"
"第二世代","172","火焰轮","火","物理","60","100","25","让火焰覆盖全身，猛撞向对手进行攻击。有时会让对手陷入灼伤状态。"
"第二世代","173","打鼾","一般","特殊","50","100","15","在自己睡觉时，发出噪音进行攻击。有时会使对手畏缩。"
"第二世代","174","诅咒","幽灵","变化","—","—","10","使用该招式的宝可梦，其属性是幽灵属性或其他属性时，效果会不一样。"
"第二世代","175","抓狂","一般","物理","变化","100","15","抓狂般乱打进行攻击。自己的ＨＰ越少，招式的威力越大。"
"第二世代","176","纹理２","一般","变化","—","—","30","为了可以抵抗对手最后使用的招式，从而使自己的属性发生变化。"
"第二世代","177","气旋攻击","飞行","特殊","100","95","5","发射空气旋涡进行攻击。容易击中要害。"
"第二世代","178","棉孢子","草","变化","—","100","40","将棉花般柔软的孢子紧贴对手，从而大幅降低对手的速度。"
"第二世代","179","起死回生","格斗","物理","变化","100","15","竭尽全力进行攻击。自己的ＨＰ越少，招式的威力越大。"
"第二世代","180","怨恨","幽灵","变化","—","100","10","对对手最后使用的招式怀有怨恨，减少４ＰＰ该招式。"
"第二世代","181","细雪","冰","特殊","40","100","25","将冰冷的细雪吹向对手进行攻击。有时会让对手陷入冰冻状态。"
"第二世代","182","守住","一般","变化","—","—","10","完全抵挡对手的攻击。连续使出则容易失败。"
"第二世代","183","音速拳","格斗","物理","40","100","30","以迅雷不及掩耳之势出拳。必定能够先制攻击。"
"第二世代","184","鬼面","一般","变化","—","100","10","用恐怖的脸瞪着对手，使其害怕，从而大幅降低对手的速度。"
"第二世代","185","出奇一击","恶","物理","60","—","20","悄悄地靠近对手，趁其不备进行殴打。攻击必定会命中。"
"第二世代","186","天使之吻","妖精","变化","—","75","10","像天使般可爱地亲吻对手，从而使对手混乱。"
"第二世代","187","腹鼓","一般","变化","—","—","10","将自己的ＨＰ减少到最大ＨＰ的一半，从而最大限度提高自己的攻击。"
"第二世代","188","污泥炸弹","毒","特殊","90","100","10","用污泥投掷对手进行攻击。有时会让对手陷入中毒状态。"
"第二世代","189","掷泥","地面","特殊","20","100","10","向对手的脸等投掷泥块进行攻击。会降低对手的命中率。"
"第二世代","190","章鱼桶炮","水","特殊","65","85","10","向对手的脸等喷出墨汁进行攻击。有时会降低对手的命中率。"
"第二世代","191","撒菱","地面","变化","—","—","20","在对手的脚下扔撒菱。对替换出场的对手的宝可梦给予伤害。"
"第二世代","192","电磁炮","电","特殊","120","50","5","发射大炮一样的电流进行攻击。让对手陷入麻痹状态。"
"第二世代","193","识破","一般","变化","—","—","40","对幽灵属性宝可梦没有效果的招式以及闪避率高的对手，使用后变得能够打中。"
"第二世代","194","同命","幽灵","变化","—","—","5","使出招式后，当受到对手攻击陷入濒死时，对手也会一同濒死。连续使出则会失败。"
"第二世代","195","灭亡之歌","一般","变化","—","—","5","倾听歌声的宝可梦经过３回合陷入濒死。替换后效果消失。"
"第二世代","196","冰冻之风","冰","特殊","55","95","15","将结冰的冷气吹向对手进行攻击。会降低对手的速度。"
"第二世代","197","看穿","格斗","变化","—","—","5","完全抵挡对手的攻击。连续使出则容易失败。"
"第二世代","198","骨棒乱打","地面","物理","25","90","10","用坚硬的骨头殴打对手进行攻击。连续攻击２～５次。"
"第二世代","199","锁定","一般","变化","—","—","5","紧紧瞄准对手，下次攻击必定会打中。"
"第二世代","200","逆鳞","龙","物理","120","100","10","在２～３回合内，乱打一气地进行攻击。大闹一番后自己会陷入混乱。"
"第二世代","201","沙暴","岩石","变化","—","—","10","在５回合内扬起沙暴，除岩石、地面和钢属性以外的宝可梦，都会受到伤害。岩石属性的特防还会提高。"
"第二世代","202","终极吸取","草","特殊","75","100","10","吸取对手的养分进行攻击。可以回复给予对手伤害的一半ＨＰ。"
"第二世代","203","挺住","一般","变化","—","—","10","即使受到攻击，也至少会留下１ＨＰ。连续使出则容易失败。"
"第二世代","204","撒娇","妖精","变化","—","100","20","可爱地凝视，诱使对手疏忽大意，从而大幅降低对手的攻击。"
"第二世代","205","滚动","岩石","物理","30","90","20","在５回合内连续滚动攻击对手。招式每次击中，威力就会提高。"
"第二世代","206","点到为止","一般","物理","40","100","40","对手的ＨＰ至少会留下１ＨＰ，如此般手下留情地攻击。"
"第二世代","207","虚张声势","一般","变化","—","85","15","激怒对手，使其混乱。因为愤怒，对手的攻击会大幅提高。"
"第二世代","208","喝牛奶","一般","变化","—","—","10","回复自己最大ＨＰ的一半。"
"第二世代","209","电光","电","物理","65","100","20","让电流覆盖全身，猛撞向对手进行攻击。有时会让对手陷入麻痹状态。"
"第二世代","210","连斩","虫","物理","40","95","20","用镰刀或爪子等切斩对手进行攻击。连续击中，威力就会提高。"
"第二世代","211","钢翼","钢","物理","70","90","25","用坚硬的翅膀敲打对手进行攻击。有时会提高自己的防御。"
"第二世代","212","黑色目光","一般","变化","—","—","5","用好似要勾人心魂的黑色目光一动不动地凝视对手，使其不能从战斗中逃走。"
"第二世代","213","迷人","一般","变化","—","100","15","♂诱惑♀或♀诱惑♂，让对手着迷。对手将很难使出招式。"
"第二世代","214","梦话","一般","变化","—","—","10","从自己已学会的招式中任意使出１个。只能在自己睡觉时使用。"
"第二世代","215","治愈铃声","一般","变化","—","—","5","让同伴听舒适的铃音，从而治愈我方全员的异常状态。"
"第二世代","216","报恩","一般","物理","变化","100","20","为了训练家而全力攻击对手。亲密度越高，威力越大。"
"第二世代","217","礼物","一般","物理","变化","90","15","递给对手设有圈套的盒子进行攻击。也有可能回复对手ＨＰ。"
"第二世代","218","迁怒","一般","物理","变化","100","20","为了发泄不满而全力攻击对手。亲密度越低，威力越大。"
"第二世代","219","神秘守护","一般","变化","—","—","25","在５回合内被神奇的力量守护，从而不会陷入异常状态。"
"第二世代","220","分担痛楚","一般","变化","—","—","20","将自己的ＨＰ和对手的ＨＰ相加，然后自己和对手友好地平分。"
"第二世代","221","神圣之火","火","物理","100","95","5","用神秘的火焰烧尽对手进行攻击。有时会让对手陷入灼伤状态。"
"第二世代","222","震级","地面","物理","变化","100","30","晃动地面，攻击自己周围所有的宝可梦。招式的威力会有各种变化。"
"第二世代","223","爆裂拳","格斗","物理","100","50","5","使出浑身力气出拳进行攻击。必定会使对手混乱。"
"第二世代","224","超级角击","虫","物理","120","85","10","用坚硬且华丽的角狠狠地刺入对手进行攻击。"
"第二世代","225","龙息","龙","特殊","60","100","20","将强烈的气息吹向对手进行攻击。有时会让对手陷入麻痹状态。"
"第二世代","226","接棒","一般","变化","—","—","40","和后备宝可梦进行替换。换上的宝可梦能直接继承其能力的变化。"
"第二世代","227","再来一次","一般","变化","—","100","5","让对手接受再来一次，连续３次使出最后使用的招式。"
"第二世代","228","追打","恶","物理","40","100","20","当对手替换宝可梦上场时使出此招式的话，能够以２倍的威力进行攻击。"
"第二世代","229","高速旋转","一般","物理","50","100","40","通过旋转来攻击对手。还可以摆脱绑紧、紧束、寄生种子和撒菱等招式。"
"第二世代","230","甜甜香气","一般","变化","—","100","20","用香气大幅降低对手的闪避率。"
"第二世代","231","铁尾","钢","物理","100","75","15","使用坚硬的尾巴摔打对手进行攻击。有时会降低对手的防御。"
"第二世代","232","金属爪","钢","物理","50","95","35","用钢铁之爪劈开对手进行攻击。有时会提高自己的攻击。"
"第二世代","233","借力摔","格斗","物理","70","—","10","会在对手之后进行攻击。但是自己的攻击必定会命中。"
"第二世代","234","晨光","一般","变化","—","—","5","回复自己的ＨＰ。根据天气的不同，回复量也会有所变化。"
"第二世代","235","光合作用","草","变化","—","—","5","回复自己的ＨＰ。根据天气的不同，回复量也会有所变化。"
"第二世代","236","月光","妖精","变化","—","—","5","回复自己的ＨＰ。根据天气的不同，回复量也会有所变化。"
"第二世代","237","觉醒力量","一般","特殊","60","100","15","招式的属性会随着使用此招式的宝可梦而改变。"
"第二世代","238","十字劈","格斗","物理","100","80","5","用两手呈十字劈打对手进行攻击。容易击中要害。"
"第二世代","239","龙卷风","龙","特殊","40","100","20","兴起龙卷风，将对手卷入进行攻击。有时会使对手畏缩。"
"第二世代","240","求雨","水","变化","—","—","5","在５回合内一直降雨，从而提高水属性的招式威力。火属性的招式威力则降低。"
"第二世代","241","大晴天","火","变化","—","—","5","在５回合内阳光变得强烈，从而提高火属性的招式威力。水属性的招式威力则降低。"
"第二世代","242","咬碎","恶","物理","80","100","15","用利牙咬碎对手进行攻击。有时会降低对手的防御。"
"第二世代","243","镜面反射","超能力","特殊","变化","100","20","从对手那里受到特殊攻击的伤害将以２倍返还给同一个对手。"
"第二世代","244","自我暗示","一般","变化","—","—","10","向自己施以自我暗示，将能力变化的状态变得和对手一样。"
"第二世代","245","神速","一般","物理","80","100","5","以迅雷不及掩耳之势猛撞向对手进行攻击。必定能够先制攻击。"
"第二世代","246","原始之力","岩石","特殊","60","100","5","用原始之力进行攻击。有时会提高自己所有的能力。"
"第二世代","247","暗影球","幽灵","特殊","80","100","15","投掷一团黑影进行攻击。有时会降低对手的特防。"
"第二世代","248","预知未来","超能力","特殊","120","100","10","在使用招式２回合后，向对手发送一团念力进行攻击。"
"第二世代","249","碎岩","格斗","物理","40","100","15","用拳头进行攻击。有时会降低对手的防御。"
"第二世代","250","潮旋","水","特殊","35","85","15","将对手困在激烈的水流旋涡中，在４～５回合内进行攻击。"
"第二世代","251","围攻","恶","物理","变化","100","10","我方全员进行攻击。同行的宝可梦越多，招式的攻击次数越多。"
"第三世代","252","击掌奇袭","一般","物理","40","100","10","进行先制攻击，使对手畏缩。要在出场后立刻使出才能成功。"
"第三世代","253","吵闹","一般","特殊","90","100","10","在３回合内用骚乱攻击对手。在此期间谁都不能入眠。"
"第三世代","254","蓄力","一般","变化","—","—","20","积蓄力量，提高自己的防御和特防。最多积蓄３次。"
"第三世代","255","喷出","一般","特殊","变化","100","10","将积蓄的力量撞向对手进行攻击。积蓄得越多，威力越大。"
"第三世代","256","吞下","一般","变化","—","—","10","将积蓄的力量吞下，从而回复自己的ＨＰ。积蓄得越多，回复越大。"
"第三世代","257","热风","火","特殊","95","90","10","将炎热的气息吹向对手进行攻击。有时会让对手陷入灼伤状态。"
"第三世代","258","冰雹","冰","变化","—","—","10","在５回合内一直降冰雹，除冰属性的宝可梦以外，给予全体宝可梦伤害。"
"第三世代","259","无理取闹","恶","变化","—","100","15","向对手无理取闹，令其不能连续２次使出相同招式。"
"第三世代","260","吹捧","恶","变化","—","100","15","吹捧对手，使其混乱。同时还会提高对手的特攻。"
"第三世代","261","鬼火","火","变化","—","85","15","放出怪异的火焰，从而让对手陷入灼伤状态。"
"第三世代","262","临别礼物","恶","变化","—","100","10","虽然会使自己陷入濒死，但是能够大幅降低对手的攻击和特攻。"
"第三世代","263","硬撑","一般","物理","70","100","20","当自己处于中毒、麻痹、灼伤状态时，向对手使出此招式的话，威力会变成２倍。"
"第三世代","264","真气拳","格斗","物理","150","100","20","集中精神出拳。在招式使出前若受到攻击则会失败。"
"第三世代","265","清醒","一般","物理","70","100","10","对于麻痹状态下的对手，威力会变成２倍。但相反对手的麻痹也会被治愈。"
"第三世代","266","看我嘛","一般","变化","—","—","20","引起对手的注意，将对手的攻击全部转移到自己身上。"
"第三世代","267","自然之力","一般","变化","—","—","20","用自然之力进行攻击。根据所使用场所的不同，使出的招式也会有所变化。"
"第三世代","268","充电","电","变化","—","—","20","提高下一回合使出的电属性的招式威力。自己的特防也会提高。"
"第三世代","269","挑衅","恶","变化","—","100","20","使对手愤怒。在３回合内让对手只能使出给予伤害的招式。"
"第三世代","270","帮助","一般","变化","—","—","20","帮助伙伴。被帮助的宝可梦，其招式威力变得比平时大。"
"第三世代","271","戏法","超能力","变化","—","100","10","抓住对手的空隙，交换自己和对手的持有物。"
"第三世代","272","扮演","超能力","变化","—","—","10","扮演对手，让自己的特性变得和对手相同。"
"第三世代","273","祈愿","一般","变化","—","—","10","在下一回合回复自己或是替换出场的宝可梦最大ＨＰ的一半。"
"第三世代","274","借助","一般","变化","—","—","20","向我方紧急求助，从我方宝可梦已学会的招式中随机使用１个。"
"第三世代","275","扎根","草","变化","—","—","20","在大地上扎根，每回合回复自己的ＨＰ。因为扎根了，所以不能替换宝可梦。"
"第三世代","276","蛮力","格斗","物理","120","100","5","发挥惊人的力量攻击对手。自己的攻击和防御会降低。"
"第三世代","277","魔法反射","超能力","变化","—","—","15","当对手使出会变成异常状态的招式或寄生种子等时，会将对手的招式反射回去。"
"第三世代","278","回收利用","一般","变化","—","—","10","使战斗中已经消耗掉的自己的持有物再生，并可以再次使用。"
"第三世代","279","报复","格斗","物理","60","100","10","如果受到对手的招式攻击，就能给予对手２倍的伤害。"
"第三世代","280","劈瓦","格斗","物理","75","100","15","将手刀猛烈地挥下攻击对手。还可以破坏光墙和反射壁等。"
"第三世代","281","哈欠","一般","变化","—","—","10","打个大哈欠引起瞌睡。在下一回合让对手陷入睡眠状态。"
"第三世代","282","拍落","恶","物理","65","100","20","拍落对手的持有物，直到战斗结束都不能使用。对手携带道具时会增加伤害。"
"第三世代","283","蛮干","一般","物理","变化","100","5","给予伤害，使对手的ＨＰ变得和自己的ＨＰ一样。"
"第三世代","284","喷火","火","特殊","150","100","5","爆发怒火攻击对手。自己的ＨＰ越少，招式的威力越小。"
"第三世代","285","特性互换","超能力","变化","—","—","10","利用超能力互换自己和对手的特性。"
"第三世代","286","封印","超能力","变化","—","—","10","如果对手有和自己相同的招式，那么只有对手无法使用该招式。"
"第三世代","287","焕然一新","一般","变化","—","—","20","让身体休息，治愈自己身上所中的毒、麻痹、灼伤的异常状态。"
"第三世代","288","怨念","幽灵","变化","—","—","5","因对手的招式而陷入濒死时给对手施加怨念，让该招式的ＰＰ变成０。"
"第三世代","289","抢夺","恶","变化","—","—","10","将对手打算使用的回复招式或能力变化招式夺为己用。"
"第三世代","290","秘密之力","一般","物理","70","100","20","根据使用场所不同，该招式的追加效果也会有所变化。"
"第三世代","291","潜水","水","物理","80","100","10","第１回合潜入，第２回合浮上来进行攻击。"
"第三世代","292","猛推","格斗","物理","15","100","20","用张开着的双手猛推对手进行攻击。连续攻击２～５次。"
"第三世代","293","保护色","一般","变化","—","—","20","根据所在场所不同，如水边、草丛和洞窟等，可以改变自己的属性。"
"第三世代","294","萤火","虫","变化","—","—","20","凝视闪烁的光芒，集中自己的精神，从而巨幅提高特攻。"
"第三世代","295","洁净光芒","超能力","特殊","70","100","5","释放耀眼的光芒进行攻击。有时会降低对手的特防。"
"第三世代","296","薄雾球","超能力","特殊","70","100","5","用围绕着雾状羽毛的球进行攻击。有时会降低对手的特攻。"
"第三世代","297","羽毛舞","飞行","变化","—","100","15","撒出羽毛，笼罩在对手的周围。大幅降低对手的攻击。"
"第三世代","298","摇晃舞","一般","变化","—","100","20","摇摇晃晃地跳起舞蹈，让自己周围的宝可梦陷入混乱状态。"
"第三世代","299","火焰踢","火","物理","85","90","10","攻击对手后，有时会使其陷入灼伤状态。也容易击中要害。"
"第三世代","300","玩泥巴","地面","变化","—","—","15","一旦使用此招式，周围就会弄得到处是泥。在５回合内减弱电属性的招式。"
"第三世代","301","冰球","冰","物理","30","90","20","在５回合内攻击对手。招式每次击中，威力就会提高。"
"第三世代","302","尖刺臂","草","物理","60","100","15","用带刺的手臂猛烈地挥舞进行攻击。有时会使对手畏缩。"
"第三世代","303","偷懒","一般","变化","—","—","10","偷懒休息。回复自己最大ＨＰ的一半。"
"第三世代","304","巨声","一般","特殊","90","100","10","给予对手又吵又响的巨大震动进行攻击。"
"第三世代","305","剧毒牙","毒","物理","50","100","15","用有毒的牙齿咬住对手进行攻击。有时会使对手中剧毒。"
"第三世代","306","撕裂爪","一般","物理","75","95","10","用坚硬的锐爪劈开对手进行攻击。有时会降低对手的防御。"
"第三世代","307","爆炸烈焰","火","特殊","150","90","5","用爆炸的火焰烧尽对手进行攻击。下一回合自己将无法动弹。"
"第三世代","308","加农水炮","水","特殊","150","90","5","向对手喷射水炮进行攻击。下一回合自己将无法动弹。"
"第三世代","309","彗星拳","钢","物理","90","90","10","使出彗星般的拳头攻击对手。有时会提高自己的攻击。"
"第三世代","310","惊吓","幽灵","物理","30","100","15","用尖叫声等突然惊吓对手进行攻击。有时会使对手畏缩。"
"第三世代","311","气象球","一般","特殊","50","100","10","根据使用时的天气，招式属性和威力会改变。"
"第三世代","312","芳香治疗","草","变化","—","—","5","让同伴闻沁人心脾的香气，从而治愈我方全员的异常状态。"
"第三世代","313","假哭","恶","变化","—","100","20","装哭流泪。使对手不知所措，从而大幅降低对手的特防。"
"第三世代","314","空气利刃","飞行","特殊","60","95","25","用锐利的风切斩对手进行攻击。容易击中要害。"
"第三世代","315","过热","火","特殊","130","90","5","使出全部力量攻击对手。使用之后会因为反作用力，自己的特攻大幅降低。"
"第三世代","316","气味侦测","一般","变化","—","—","40","对幽灵属性宝可梦没有效果的招式以及闪避率高的对手，使用后变得能够打中。"
"第三世代","317","岩石封锁","岩石","物理","60","95","15","投掷岩石进行攻击。封住对手的行动，从而降低速度。"
"第三世代","318","银色旋风","虫","特殊","60","100","5","在风中掺入鳞粉攻击对手。有时会提高自己的全部能力。"
"第三世代","319","金属音","钢","变化","—","85","40","让对手听摩擦金属般讨厌的声音。大幅降低对手的特防。"
"第三世代","320","草笛","草","变化","—","55","15","让对手听舒适的笛声，从而陷入睡眠状态。"
"第三世代","321","挠痒","一般","变化","—","100","20","给对手挠痒，使其发笑，从而降低对手的攻击和防御。"
"第三世代","322","宇宙力量","超能力","变化","—","—","20","汲取宇宙中神秘的力量，从而提高自己的防御和特防。"
"第三世代","323","喷水","水","特殊","150","100","5","掀起潮水进行攻击。自己的ＨＰ越少，招式的威力越小。"
"第三世代","324","信号光束","虫","特殊","75","100","15","发射神奇的光线进行攻击。有时会使对手混乱。"
"第三世代","325","暗影拳","幽灵","物理","60","—","20","使出混影之拳。攻击必定会命中。"
"第三世代","326","神通力","超能力","特殊","80","100","20","发出看不见的神奇力量进行攻击。有时会使对手畏缩。"
"第三世代","327","冲天拳","格斗","物理","85","90","15","用冲向天空般高高的上勾拳顶起对手进行攻击。"
"第三世代","328","流沙地狱","地面","物理","35","85","15","将对手困在铺天盖地的沙暴中，在４～５回合内进行攻击。"
"第三世代","329","绝对零度","冰","特殊","变化","变化","5","给对手一击濒死。如果是冰属性以外的宝可梦使用，就会难以打中。"
"第三世代","330","浊流","水","特殊","90","85","10","向对手喷射浑浊的水进行攻击。有时会降低对手的命中率。"
"第三世代","331","种子机关枪","草","物理","25","100","30","向对手猛烈地发射种子进行攻击。连续攻击２～５次。"
"第三世代","332","燕返","飞行","物理","60","—","20","以敏捷的动作戏弄对手后进行切斩。攻击必定会命中。"
"第三世代","333","冰锥","冰","物理","25","100","30","向对手发射锋利的冰柱进行攻击。连续攻击２～５次。"
"第三世代","334","铁壁","钢","变化","—","—","15","将皮肤变得坚硬如铁，从而大幅提高自己的防御。"
"第三世代","335","挡路","一般","变化","—","—","5","张开双手进行阻挡，封住对手的退路，使其不能逃走。"
"第三世代","336","长嚎","一般","变化","—","—","40","大声吼叫提高气势，从而提高自己的攻击。"
"第三世代","337","龙爪","龙","物理","80","100","15","用尖锐的巨爪劈开对手进行攻击。"
"第三世代","338","疯狂植物","草","特殊","150","90","5","用大树摔打对手进行攻击。下一回合自己将无法动弹。"
"第三世代","339","健美","格斗","变化","—","—","20","使出全身力气绷紧肌肉，从而提高自己的攻击和防御。"
"第三世代","340","弹跳","飞行","物理","85","85","5","弹跳到高高的空中，第２回合攻击对手。有时会让对手陷入麻痹状态。"
"第三世代","341","泥巴射击","地面","特殊","55","95","15","向对手投掷泥块进行攻击。同时降低对手的速度。"
"第三世代","342","毒尾","毒","物理","50","100","25","用尾巴拍打。有时会让对手陷入中毒状态，也容易击中要害。"
"第三世代","343","渴望","一般","物理","60","100","25","一边可爱地撒娇，一边靠近对手进行攻击，还能夺取对手携带的道具。"
"第三世代","344","伏特攻击","电","物理","120","100","15","让电流覆盖全身猛撞向对手。自己也会受到不小的伤害。有时会让对手陷入麻痹状态。"
"第三世代","345","魔法叶","草","特殊","60","—","20","散落可以追踪对手的神奇叶片。攻击必定会命中。"
"第三世代","346","玩水","水","变化","—","—","15","用水湿透周围。在５回合内减弱火属性的招式。"
"第三世代","347","冥想","超能力","变化","—","—","20","静心凝神，从而提高自己的特攻和特防。"
"第三世代","348","叶刃","草","物理","90","100","15","像用剑一般操纵叶片切斩对手进行攻击。容易击中要害。"
"第三世代","349","龙之舞","龙","变化","—","—","20","激烈地跳起神秘且强有力的舞蹈。从而提高自己的攻击和速度。"
"第三世代","350","岩石爆击","岩石","物理","25","90","10","向对手发射坚硬的岩石进行攻击。连续攻击２～５次。"
"第三世代","351","电击波","电","特殊","60","—","20","向对手快速发出电击。攻击必定会命中。"
"第三世代","352","水之波动","水","特殊","60","100","20","用水的震动攻击对手。有时会使对手混乱。"
"第三世代","353","破灭之愿","钢","特殊","140","100","5","使用招式２回合后，会用无数道光束攻击对手。"
"第三世代","354","精神突进","超能力","特殊","140","90","5","使出全部力量攻击对手。使用之后会因为反作用力，自己的特攻大幅降低。"
"第四世代","355","羽栖","飞行","变化","—","—","10","降到地面，使身体休息。回复自己最大ＨＰ的一半。"
"第四世代","356","重力","超能力","变化","—","—","5","在５回合内，飘浮特性和飞行属性的宝可梦会被地面属性的招式击中。飞向空中的招式也将无法使用。"
"第四世代","357","奇迹之眼","超能力","变化","—","—","40","对恶属性宝可梦没有效果的招式以及闪避率高的对手，使用后变得能够打中。"
"第四世代","358","唤醒巴掌","格斗","物理","70","100","10","给予睡眠状态下的对手较大的伤害。但相反对手会从睡眠中醒过来。"
"第四世代","359","臂锤","格斗","物理","100","90","10","挥舞强力而沉重的拳头，给予对手伤害。自己的速度会降低。"
"第四世代","360","陀螺球","钢","物理","变化","100","5","让身体高速旋转并撞击对手。速度比对手越慢，威力越大。"
"第四世代","361","治愈之愿","超能力","变化","—","—","10","虽然自己陷入濒死，但可以治愈后备上场的宝可梦的异常状态以及回复ＨＰ。"
"第四世代","362","盐水","水","特殊","65","100","10","当对手的ＨＰ负伤到一半左右时，招式威力会变成２倍。"
"第四世代","363","自然之恩","一般","物理","变化","100","15","从树果上获得力量进行攻击。根据携带的树果，招式属性和威力会改变。"
"第四世代","364","佯攻","一般","物理","30","100","10","能够攻击正在使用守住或看穿等招式的对手。解除其守护效果。"
"第四世代","365","啄食","飞行","物理","60","100","20","用喙进行攻击。当对手携带树果时，可以食用并获得其效果。"
"第四世代","366","顺风","飞行","变化","—","—","15","刮起猛烈的旋风，在４回合内提高我方全员的速度。"
"第四世代","367","点穴","一般","变化","—","—","30","通过点穴让身体舒筋活络。大幅提高某１项能力。"
"第四世代","368","金属爆炸","钢","物理","变化","100","10","使出招式前，将最后受到的招式的伤害大力返还给对手。"
"第四世代","369","急速折返","虫","物理","70","100","20","在攻击之后急速返回，和后备宝可梦进行替换。"
"第四世代","370","近身战","格斗","物理","120","100","5","放弃守护，向对手的怀里突击。自己的防御和特防会降低。"
"第四世代","371","以牙还牙","恶","物理","50","100","10","蓄力攻击。如果能在对手之后攻击，招式的威力会变成２倍。"
"第四世代","372","恶意追击","恶","物理","60","100","10","如果此回合内对手已经受到伤害的话，招式威力会变成２倍。"
"第四世代","373","查封","恶","变化","—","100","15","让对手在５回合内不能使用宝可梦携带的道具。训练家也不能给那只宝可梦使用道具。"
"第四世代","374","投掷","恶","物理","变化","100","10","快速投掷携带的道具进行攻击。根据道具不同，威力和效果会改变。"
"第四世代","375","精神转移","超能力","变化","—","100","10","利用超能力施以暗示，从而将自己受到的异常状态转移给对手。"
"第四世代","376","王牌","一般","特殊","变化","—","5","王牌招式的剩余ＰＰ越少，招式的威力越大。"
"第四世代","377","回复封锁","超能力","变化","—","100","15","在５回合内无法通过招式、特性或携带的道具来回复ＨＰ。"
"第四世代","378","绞紧","一般","特殊","变化","100","5","用力勒紧对手进行攻击。对手的ＨＰ越多，威力越大。"
"第四世代","379","力量戏法","超能力","变化","—","—","10","利用超能力交换自己的攻击和防御的力量。"
"第四世代","380","胃液","毒","变化","—","100","10","将胃液吐向对手的身体。沾上的胃液会消除对手的特性效果。"
"第四世代","381","幸运咒语","一般","变化","—","—","30","向天许愿，从而在５回合内不会被对手的攻击打中要害。"
"第四世代","382","抢先一步","一般","变化","变化","—","20","提高威力，抢先使出对手想要使出的招式。如果不先使出则会失败。"
"第四世代","383","仿效","一般","变化","—","—","20","模仿对手刚才使出的招式，并使出相同招式。如果对手还没出招则会失败。"
"第四世代","384","力量互换","超能力","变化","—","—","10","利用超能力互换自己和对手的攻击以及特攻的能力变化。"
"第四世代","385","防守互换","超能力","变化","—","—","10","利用超能力互换自己和对手的防御以及特防的能力变化。"
"第四世代","386","惩罚","恶","物理","变化","100","5","根据能力变化，对手提高的力量越大，招式的威力越大。"
"第四世代","387","珍藏","一般","物理","140","100","5","当战斗中已学会的招式全部使用过后，才能开始使出珍藏的招式。"
"第四世代","388","烦恼种子","草","变化","—","100","10","种植心神不宁的种子。使对手不能入眠，并将特性变成不眠。"
"第四世代","389","突袭","恶","物理","70","100","5","可以比对手先攻击。对手使出的招式如果不是攻击招式则会失败。"
"第四世代","390","毒菱","毒","变化","—","—","20","在对手的脚下撒毒菱。使对手替换出场的宝可梦中毒。"
"第四世代","391","心灵互换","超能力","变化","—","—","10","利用超能力互换自己和对手之间的能力变化。"
"第四世代","392","水流环","水","变化","—","—","20","在自己身体的周围覆盖用水制造的幕。每回合回复ＨＰ。"
"第四世代","393","电磁飘浮","电","变化","—","—","10","利用电气产生的磁力浮在空中。在５回合内可以飘浮。"
"第四世代","394","闪焰冲锋","火","物理","120","100","15","让火焰覆盖全身猛撞向对手。自己也会受到不小的伤害。有时会让对手陷入灼伤状态。"
"第四世代","395","发劲","格斗","物理","60","100","10","向对手的身体发出冲击波进行攻击。有时会让对手陷入麻痹状态。"
"第四世代","396","波导弹","格斗","特殊","80","—","20","从体内产生出波导之力，然后向对手发出。攻击必定会命中。"
"第四世代","397","岩石打磨","岩石","变化","—","—","20","打磨自己的身体，减少空气阻力。可以大幅提高自己的速度。"
"第四世代","398","毒击","毒","物理","80","100","20","用带毒的触手或手臂刺入对手。有时会让对手陷入中毒状态。"
"第四世代","399","恶之波动","恶","特殊","80","100","15","从体内发出充满恶意的恐怖气场。有时会使对手畏缩。"
"第四世代","400","暗袭要害","恶","物理","70","100","15","抓住瞬间的空隙切斩对手。容易击中要害。"
"第四世代","401","水流尾","水","物理","90","90","10","如惊涛骇浪般挥动大尾巴攻击对手。"
"第四世代","402","种子炸弹","草","物理","80","100","15","将外壳坚硬的大种子，从上方砸下攻击对手。"
"第四世代","403","空气斩","飞行","特殊","75","95","15","用连天空也能劈开的空气之刃进行攻击。有时会使对手畏缩。"
"第四世代","404","十字剪","虫","物理","80","100","15","将镰刀或爪子像剪刀般地交叉，顺势劈开对手。"
"第四世代","405","虫鸣","虫","特殊","90","100","10","利用振动发出音波进行攻击。有时会降低对手的特防。"
"第四世代","406","龙之波动","龙","特殊","85","100","10","从大大的口中掀起冲击波攻击对手。"
"第四世代","407","龙之俯冲","龙","物理","100","75","10","释放出骇人的杀气，一边威慑一边撞击对手。有时会使对手畏缩。"
"第四世代","408","力量宝石","岩石","特殊","80","100","20","发射如宝石般闪耀的光芒攻击对手。"
"第四世代","409","吸取拳","格斗","物理","75","100","10","用拳头吸取对手的力量。可以回复给予对手伤害的一半ＨＰ。"
"第四世代","410","真空波","格斗","特殊","40","100","30","挥动拳头，掀起真空波。必定能够先制攻击。"
"第四世代","411","真气弹","格斗","特殊","120","70","5","提高气势，释放出全部力量。有时会降低对手的特防。"
"第四世代","412","能量球","草","特殊","90","100","10","发射从自然收集的生命力量。有时会降低对手的特防。"
"第四世代","413","勇鸟猛攻","飞行","物理","120","100","15","收拢翅膀，通过低空飞行突击对手。自己也会受到不小的伤害。"
"第四世代","414","大地之力","地面","特殊","90","100","10","向对手脚下释放出大地之力。有时会降低对手的特防。"
"第四世代","415","掉包","恶","变化","—","100","10","用一闪而过的速度交换自己和对手的持有物。"
"第四世代","416","终极冲击","一般","物理","150","90","5","使出自己浑身力量突击对手。下一回合自己将无法动弹。"
"第四世代","417","诡计","恶","变化","—","—","20","谋划诡计，激活头脑。大幅提高自己的特攻。"
"第四世代","418","子弹拳","钢","物理","40","100","30","向对手使出如子弹般快速而坚硬的拳头。必定能够先制攻击。"
"第四世代","419","雪崩","冰","物理","60","100","10","如果受到对手的招式攻击，就能给予该对手２倍威力的攻击。"
"第四世代","420","冰砾","冰","物理","40","100","30","瞬间制作冰块，快速地扔向对手。必定能够先制攻击。"
"第四世代","421","暗影爪","幽灵","物理","70","100","15","以影子做成的锐爪，劈开对手。容易击中要害。"
"第四世代","422","雷电牙","电","物理","65","95","15","用蓄满电流的牙齿咬住对手。有时会使对手畏缩或陷入麻痹状态。"
"第四世代","423","冰冻牙","冰","物理","65","95","15","用藏有冷气的牙齿咬住对手。有时会使对手畏缩或陷入冰冻状态。"
"第四世代","424","火焰牙","火","物理","65","95","15","用覆盖着火焰的牙齿咬住对手。有时会使对手畏缩或陷入灼伤状态。"
"第四世代","425","影子偷袭","幽灵","物理","40","100","30","伸长影子，从对手的背后进行攻击。必定能够先制攻击。"
"第四世代","426","泥巴炸弹","地面","特殊","65","85","10","向对手发射坚硬的泥弹进行攻击。有时会降低对手的命中率。"
"第四世代","427","精神利刃","超能力","物理","70","100","20","用实体化的心之利刃劈开对手。容易击中要害。"
"第四世代","428","意念头锤","超能力","物理","80","90","15","将思念的力量集中在前额进行攻击。有时会使对手畏缩。"
"第四世代","429","镜光射击","钢","特殊","65","85","10","抛光自己的身体，向对手释放出闪光之力。有时会降低对手的命中率。"
"第四世代","430","加农光炮","钢","特殊","80","100","10","将身体的光芒聚集在一点释放出去。有时会降低对手的特防。"
"第四世代","431","攀岩","一般","物理","90","85","20","用尽全力扑向对手进行攻击。有时会使对手混乱。"
"第四世代","432","清除浓雾","飞行","变化","—","—","15","用强风吹开对手的反射壁或光墙等。也会降低对手的闪避率。"
"第四世代","433","戏法空间","超能力","变化","—","—","5","制造出离奇的空间。在５回合内速度慢的宝可梦可以先行动。"
"第四世代","434","流星群","龙","特殊","130","90","5","从天空中向对手落下陨石。使用之后因为反作用力，自己的特攻会大幅降低。"
"第四世代","435","放电","电","特殊","80","100","15","用耀眼的电击攻击自己周围所有的宝可梦。有时会陷入麻痹状态。"
"第四世代","436","喷烟","火","特殊","80","100","15","用熊熊烈火攻击自己周围所有的宝可梦。有时会陷入灼伤状态。"
"第四世代","437","飞叶风暴","草","特殊","130","90","5","用尖尖的叶片向对手卷起风暴。使用之后因为反作用力自己的特攻会大幅降低。"
"第四世代","438","强力鞭打","草","物理","120","85","10","激烈地挥舞青藤或触手摔打对手进行攻击。"
"第四世代","439","岩石炮","岩石","物理","150","90","5","向对手发射巨大的岩石进行攻击。下一回合自己将无法动弹。"
"第四世代","440","十字毒刃","毒","物理","70","100","20","用毒刃劈开对手。有时会让对手陷入中毒状态，也容易击中要害。"
"第四世代","441","垃圾射击","毒","物理","120","80","5","用肮脏的垃圾撞向对手进行攻击。有时会让对手陷入中毒状态。"
"第四世代","442","铁头","钢","物理","80","100","15","用钢铁般坚硬的头部进行攻击。有时会使对手畏缩。"
"第四世代","443","磁铁炸弹","钢","物理","60","—","20","发射吸住对手的钢铁炸弹。攻击必定会命中。"
"第四世代","444","尖石攻击","岩石","物理","100","80","5","用尖尖的岩石刺入对手进行攻击。容易击中要害。"
"第四世代","445","诱惑","一般","变化","—","100","20","♂诱惑♀或♀诱惑♂，从而大幅降低对手的特攻。"
"第四世代","446","隐形岩","岩石","变化","—","—","20","将无数岩石悬浮在对手的周围，从而对替换出场的对手的宝可梦给予伤害。"
"第四世代","447","打草结","草","特殊","变化","100","20","用草缠住并绊倒对手。对手越重，威力越大。"
"第四世代","448","喋喋不休","飞行","特殊","65","100","20","用非常烦人的，喋喋不休的音波攻击对手。使对手混乱。"
"第四世代","449","制裁光砾","一般","特殊","100","100","10","向对手放出无数的光弹。属性会根据自己携带的石板不同而改变。"
"第四世代","450","虫咬","虫","物理","60","100","20","咬住进行攻击。当对手携带树果时，可以食用并获得其效果。"
"第四世代","451","充电光束","电","特殊","50","90","10","向对手发射电击光束。由于蓄满电流，有时会提高自己的特攻。"
"第四世代","452","木槌","草","物理","120","100","15","用坚硬的躯体撞击对手进行攻击。自己也会受到不小的伤害。"
"第四世代","453","水流喷射","水","物理","40","100","20","以迅雷不及掩耳之势扑向对手。必定能够先制攻击。"
"第四世代","454","攻击指令","虫","物理","90","100","15","召唤手下，让其朝对手发起攻击。容易击中要害。"
"第四世代","455","防御指令","虫","变化","—","—","10","召唤手下，让其附在自己的身体上。可以提高自己的防御和特防。"
"第四世代","456","回复指令","虫","变化","—","—","10","召唤手下疗伤。回复自己最大ＨＰ的一半。"
"第四世代","457","双刃头锤","岩石","物理","150","80","5","拼命使出浑身力气，向对手进行头锤攻击。自己也会受到非常大的伤害。"
"第四世代","458","二连击","一般","物理","35","90","10","使用尾巴等拍打对手进行攻击。连续２次给予伤害。"
"第四世代","459","时光咆哮","龙","特殊","150","90","5","释放出扭曲时间般的强大力量攻击对手。下一回合自己将无法动弹。"
"第四世代","460","亚空裂斩","龙","特殊","100","95","5","将对手连同周围的空间一起撕裂并给予伤害。容易击中要害。"
"第四世代","461","新月舞","超能力","变化","—","—","10","虽然自己陷入濒死，但可以治愈后备上场的宝可梦的全部状态。"
"第四世代","462","捏碎","一般","物理","变化","100","5","用骇人的力量捏碎对手。对手的ＨＰ越多，威力越大。"
"第四世代","463","熔岩风暴","火","特殊","100","75","5","将对手困在熊熊燃烧的火焰中，在４～５回合内进行攻击。"
"第四世代","464","暗黑洞","恶","变化","—","50","10","将对手强制拖入黑暗的世界，从而让对手陷入睡眠状态。"
"第四世代","465","种子闪光","草","特殊","120","85","5","从身体里产生冲击波。有时会大幅降低对手的特防。"
"第四世代","466","奇异之风","幽灵","特殊","60","100","5","突然刮起毛骨悚然的暴风攻击对手。有时会提高自己的全部能力。"
"第四世代","467","暗影潜袭","幽灵","物理","120","100","5","第１回合消失踪影，第２回合攻击对手。即使对手正受保护，也能击中。"
"第五世代","468","磨爪","恶","变化","—","—","15","将爪子磨得更加锋利。提高自己的攻击和命中率。"
"第五世代","469","广域防守","岩石","变化","—","—","10","在１回合内防住击打我方全员的攻击。"
"第五世代","470","防守平分","超能力","变化","—","—","10","利用超能力将自己和对手的防御和特防相加，再进行平分。"
"第五世代","471","力量平分","超能力","变化","—","—","10","利用超能力将自己和对手的攻击和特攻相加，再进行平分。"
"第五世代","472","奇妙空间","超能力","变化","—","—","10","制造出离奇的空间。在５回合内互换所有宝可梦的防御和特防。"
"第五世代","473","精神冲击","超能力","特殊","80","100","10","将神奇的念波实体化攻击对手。给予物理伤害。"
"第五世代","474","毒液冲击","毒","特殊","65","100","10","将特殊的毒液泼向对手。对处于中毒状态的对手，威力会变成２倍。"
"第五世代","475","身体轻量化","钢","变化","—","—","15","削掉身体上没用的部分。大幅提高自己的速度，同时体重也会变轻。"
"第五世代","476","愤怒粉","虫","变化","—","—","20","将令人烦躁的粉末撒在自己身上，用以吸引对手的注意。使对手的攻击全部指向自己。"
"第五世代","477","意念移物","超能力","变化","—","—","15","利用超能力使对手浮起来。在３回合内攻击会变得容易打中对手。"
"第五世代","478","魔法空间","超能力","变化","—","—","10","制造出离奇的空间。在５回合内所有宝可梦携带道具的效果都会消失。"
"第五世代","479","击落","岩石","物理","50","100","15","扔石头或炮弹，攻击飞行的对手。对手会被击落，掉到地面。"
"第五世代","480","山岚摔","格斗","物理","60","100","10","向对手使出强烈的一击。攻击必定会击中要害。"
"第五世代","481","烈焰溅射","火","特殊","70","100","15","如果击中，爆裂的火焰会攻击到对手。爆裂出的火焰还会飞溅到旁边的对手。"
"第五世代","482","污泥波","毒","特殊","95","100","10","用污泥波攻击自己周围所有的宝可梦。有时会陷入中毒状态。"
"第五世代","483","蝶舞","虫","变化","—","—","20","轻巧地跳起神秘而又美丽的舞蹈。提高自己的特攻、特防和速度。"
"第五世代","484","重磅冲撞","钢","物理","变化","100","10","用沉重的身体撞向对手进行攻击。自己比对手越重，威力越大。"
"第五世代","485","同步干扰","超能力","特殊","120","100","10","用神奇电波对周围所有和自己属性相同的宝可梦给予伤害。"
"第五世代","486","电球","电","特殊","变化","100","10","用电气团撞向对手。自己比对手速度越快，威力越大。"
"第五世代","487","浸水","水","变化","—","100","20","将大量的水泼向对手，从而使其变成水属性。"
"第五世代","488","蓄能焰袭","火","物理","50","100","20","让火焰覆盖全身，攻击对手。积蓄力量并提高自己的速度。"
"第五世代","489","盘蜷","毒","变化","—","—","20","盘蜷着集中精神。提高自己的攻击、防御和命中率。"
"第五世代","490","下盘踢","格斗","物理","65","100","20","以敏捷的动作瞄准对手的脚进行攻击。降低对手的速度。"
"第五世代","491","酸液炸弹","毒","特殊","40","100","20","喷出能溶化对手的液体进行攻击。大幅降低对手的特防。"
"第五世代","492","欺诈","恶","物理","95","100","15","利用对手的力量进行攻击。正和自己战斗的对手，其攻击越高，伤害越大。"
"第五世代","493","单纯光束","一般","变化","—","100","15","向对手发送谜之念波。接收到念波的对手，其特性会变为单纯。"
"第五世代","494","找伙伴","一般","变化","—","100","15","用神奇的节奏跳舞。使对手模仿自己的动作，从而将特性变成一样。"
"第五世代","495","您先请","一般","变化","—","—","15","支援我方或对手的行动，使其紧接着此招式之后行动。"
"第五世代","496","轮唱","一般","特殊","60","100","15","用歌声攻击对手。同伴还可以接着使出轮唱招式，威力也会提高。"
"第五世代","497","回声","一般","特殊","40","100","15","用回声攻击对手。如果每回合都有宝可梦接着使用该招式，威力就会提高。"
"第五世代","498","逐步击破","一般","物理","70","100","20","看准机会稳步攻击。无视对手的能力变化，直接给予伤害。"
"第五世代","499","清除之烟","毒","特殊","50","—","15","向对手投掷特殊的泥块进行攻击。使其能力变回原点。"
"第五世代","500","辅助力量","超能力","特殊","20","100","10","用蓄积起来的力量攻击对手。自己的能力提高得越多，威力就越大。"
"第五世代","501","快速防守","格斗","变化","—","—","15","守护自己和同伴，以防对手的先制攻击。"
"第五世代","502","交换场地","超能力","变化","—","—","15","用神奇的力量瞬间移动，互换自己和同伴所在的位置。"
"第五世代","503","热水","水","特殊","80","100","15","向对手喷射煮得翻滚的开水进行攻击。有时会让对手陷入灼伤状态。"
"第五世代","504","破壳","一般","变化","—","—","15","打破外壳，降低自己的防御和特防，但大幅提高攻击、特攻和速度。"
"第五世代","505","治愈波动","超能力","变化","—","—","10","放出治愈波动，从而回复对手最大ＨＰ的一半。"
"第五世代","506","祸不单行","幽灵","特殊","65","100","10","接二连三地进行攻击。对处于异常状态的对手给予较大的伤害。"
"第五世代","507","自由落体","飞行","物理","60","100","10","第１回合将对手带到空中，第２回合将其摔下进行攻击。被带到空中的对手不能动弹。"
"第五世代","508","换挡","钢","变化","—","—","10","转动齿轮，不仅提高自己的攻击，还会大幅提高速度。"
"第五世代","509","巴投","格斗","物理","60","90","10","扔飞对手，强制拉后备宝可梦上场。如果对手为野生宝可梦，战斗将直接结束。"
"第五世代","510","烧尽","火","特殊","60","100","15","用火焰攻击对手。对手携带树果等时，会烧掉，使其不能使用。"
"第五世代","511","延后","恶","变化","—","100","15","压制对手，从而将其行动顺序放到最后。"
"第五世代","512","杂技","飞行","物理","55","100","15","轻巧地攻击对手。自己没有携带道具时，会给予较大的伤害。"
"第五世代","513","镜面属性","一般","变化","—","—","15","反射对手的属性，让自己也变成一样的属性。"
"第五世代","514","报仇","一般","物理","70","100","5","为倒下的同伴报仇。如果上一回合有同伴倒下，威力就会提高。"
"第五世代","515","搏命","格斗","特殊","变化","100","5","拼命攻击对手。虽然自己陷入濒死，但会给予对手和自己目前ＨＰ等量的伤害。"
"第五世代","516","传递礼物","一般","变化","—","—","15","当对手未携带道具时，能够将自己携带的道具交给对手。"
"第五世代","517","炼狱","火","特殊","100","50","5","用烈焰包裹住对手进行攻击。让对手陷入灼伤状态。"
"第五世代","518","水之誓约","水","特殊","80","100","10","用水柱进行攻击。如果和火组合，威力就会提高，天空中会挂上彩虹。"
"第五世代","519","火之誓约","火","特殊","80","100","10","用火柱进行攻击。如果和草组合，威力就会提高，周围会变成火海。"
"第五世代","520","草之誓约","草","特殊","80","100","10","用草柱进行攻击。如果和水组合，威力就会提高，周围会变成湿地。"
"第五世代","521","伏特替换","电","特殊","70","100","20","在攻击之后急速返回，和后备宝可梦进行替换。"
"第五世代","522","虫之抵抗","虫","特殊","50","100","20","抵抗并攻击对手。降低对手的特攻。"
"第五世代","523","重踏","地面","物理","60","100","20","用力踩踏地面并攻击自己周围所有的宝可梦。降低对方的速度。"
"第五世代","524","冰息","冰","特殊","60","90","10","将冰冷的气息吹向对手进行攻击。必定会击中要害。"
"第五世代","525","龙尾","龙","物理","60","90","10","弹飞对手，强制拉后备宝可梦上场。如果对手为野生宝可梦，战斗将直接结束。"
"第五世代","526","自我激励","一般","变化","—","—","30","激励自己，从而提高攻击和特攻。"
"第五世代","527","电网","电","特殊","55","95","15","用电网捉住对手进行攻击。降低对手的速度。"
"第五世代","528","疯狂伏特","电","物理","90","100","15","让电流覆盖全身撞向对手进行攻击。自己也会受到少许伤害。"
"第五世代","529","直冲钻","地面","物理","80","95","10","像钢钻一样，一边旋转身体一边撞击对手。容易击中要害。"
"第五世代","530","二连劈","龙","物理","40","90","15","用身体坚硬的部分拍打对手进行攻击。连续２次给予伤害。"
"第五世代","531","爱心印章","超能力","物理","60","100","25","以可爱的动作使对手疏忽，乘机给出强烈的一击。有时会使对手畏缩。"
"第五世代","532","木角","草","物理","75","100","10","将角刺入，吸取对手的养分。可以回复给予对手伤害的一半ＨＰ。"
"第五世代","533","圣剑","格斗","物理","90","100","15","用长角切斩对手进行攻击。无视对手的能力变化，直接给予伤害。"
"第五世代","534","贝壳刃","水","物理","75","95","10","用锋利的贝壳切斩对手进行攻击。有时会降低对手的防御。"
"第五世代","535","高温重压","火","物理","变化","100","10","用燃烧的身体撞向对手进行攻击。自己比对手越重，威力越大。"
"第五世代","536","青草搅拌器","草","特殊","65","90","10","用锋利的叶片包裹住对手进行攻击。有时会降低对手的命中率。"
"第五世代","537","疯狂滚压","虫","物理","65","100","20","旋转揉成团的身体压扁对手。有时会使对手畏缩。"
"第五世代","538","棉花防守","草","变化","—","—","10","用软绵绵的绒毛包裹住自己的身体进行守护。巨幅提高自己的防御。"
"第五世代","539","暗黑爆破","恶","特殊","85","95","10","放出黑暗的冲击波攻击对手。有时会降低对手的命中率。"
"第五世代","540","精神击破","超能力","特殊","100","100","10","将神奇的念波实体化攻击对手。给予物理伤害。"
"第五世代","541","扫尾拍打","一般","物理","25","85","10","用坚硬的尾巴拍打对手进行攻击。连续攻击２～５次。"
"第五世代","542","暴风","飞行","特殊","110","70","10","用强烈的风席卷对手进行攻击。有时会使对手混乱。"
"第五世代","543","爆炸头突击","一般","物理","120","100","15","用厉害的爆炸头猛撞向对手进行攻击。自己也会受到少许伤害。"
"第五世代","544","齿轮飞盘","钢","物理","50","85","15","向对手投掷钢铁齿轮进行攻击。连续２次给予伤害。"
"第五世代","545","火焰弹","火","特殊","100","100","5","用熊熊烈火攻击自己周围所有的宝可梦。有时会陷入灼伤状态。"
"第五世代","546","高科技光炮","一般","特殊","120","100","5","向对手放出光弹。属性会根据自己携带的卡带不同而改变。"
"第五世代","547","古老之歌","一般","特殊","75","100","10","让对手听古老之歌，打动对手的内心进行攻击。有时会让对手陷入睡眠状态。"
"第五世代","548","神秘之剑","格斗","特殊","85","100","10","用长角切斩对手进行攻击。角上拥有的神奇力量将给予物理伤害。"
"第五世代","549","冰封世界","冰","特殊","65","95","10","将冰冻的冷气吹向对手进行攻击。会降低对手的速度。"
"第五世代","550","雷击","电","物理","130","85","5","让强大的电流覆盖全身，猛撞向对手进行攻击。有时会让对手陷入麻痹状态。"
"第五世代","551","青焰","火","特殊","130","85","5","用美丽而激烈的青焰包裹住对手进行攻击。有时会让对手陷入灼伤状态。"
"第五世代","552","火之舞","火","特殊","80","100","10","让火焰覆盖全身，振翅攻击对手。有时会提高自己的特攻。"
"第五世代","553","冰冻伏特","冰","物理","140","90","5","用覆盖着电流的冰块，在第２回合撞向对手。有时会让对手陷入麻痹状态。"
"第五世代","554","极寒冷焰","冰","特殊","140","90","5","用能够冻结一切的强烈冷气，在第２回合包裹住对手。有时会让对手陷入灼伤状态。"
"第五世代","555","大声咆哮","恶","特殊","55","95","15","没完没了地大声斥责，从而降低对手的特攻。"
"第五世代","556","冰柱坠击","冰","物理","85","90","10","用大冰柱激烈地撞向对手进行攻击。有时会使对手畏缩。"
"第五世代","557","Ｖ热焰","火","物理","180","95","5","从前额产生灼热的火焰，舍身撞击对手。防御、特防和速度会降低。"
"第五世代","558","交错火焰","火","特殊","100","100","5","释放出巨大的火焰。受到巨大的闪电影响时，招式威力会提高。"
"第五世代","559","交错闪电","电","物理","100","100","5","释放出巨大的闪电。受到巨大的火焰影响时，招式威力会提高。"
"第六世代","560","飞身重压","格斗","物理","100","95","10","从空中俯冲向对手。此招式同时带有格斗属性和飞行属性。"
"第六世代","561","掀榻榻米","格斗","变化","—","—","10","将掀起来的榻榻米当作盾牌，防住自己和同伴免受招式伤害。变化招式无法防住。"
"第六世代","562","打嗝","毒","特殊","120","90","10","朝着对手打嗝，并给予伤害。如果不吃树果则无法使出。"
"第六世代","563","耕地","地面","变化","—","—","10","翻耕土地，使草木更容易成长。会提高草属性宝可梦的攻击和特攻。"
"第六世代","564","黏黏网","虫","变化","—","—","20","在对手周围围上黏黏的网，降低替换出场的对手的速度。"
"第六世代","565","致命针刺","虫","物理","50","100","25","如果使用此招式打倒对手，攻击会巨幅提高。"
"第六世代","566","潜灵奇袭","幽灵","物理","90","100","10","第１回合消失在某处，第２回合攻击对手。可以无视守护进行攻击。"
"第六世代","567","万圣夜","幽灵","变化","—","100","20","邀请对手参加万圣夜。使对手被追加幽灵属性。"
"第六世代","568","战吼","一般","变化","—","100","30","发出战吼威吓对手，从而降低对手的攻击和特攻。"
"第六世代","569","等离子浴","电","变化","—","—","25","将带电粒子扩散开来，使一般属性的招式变成电属性。"
"第六世代","570","抛物面充电","电","特殊","65","100","20","给周围全体宝可梦造成伤害。可以回复给予伤害的一半ＨＰ。"
"第六世代","571","森林诅咒","草","变化","—","100","20","向对手施加森林诅咒。中了诅咒的对手会被追加草属性。"
"第六世代","572","落英缤纷","草","物理","90","100","15","猛烈地刮起飞雪般的落花，攻击周围所有的宝可梦，并给予伤害。"
"第六世代","573","冷冻干燥","冰","特殊","70","100","20","急剧冷冻对手，有时会让对手陷入冰冻状态。对于水属性宝可梦也是效果绝佳。"
"第六世代","574","魅惑之声","妖精","特殊","40","—","15","发出魅惑的叫声，给予对手精神上的伤害。攻击必定会命中。"
"第六世代","575","抛下狠话","恶","变化","—","100","20","抛下狠话威吓对手，降低攻击和特攻后，和后备宝可梦进行替换。"
"第六世代","576","颠倒","恶","变化","—","—","20","颠倒对手身上的所有能力变化，变成和原来相反的状态。"
"第六世代","577","吸取之吻","妖精","特殊","50","100","10","用一个吻吸取对手的ＨＰ。回复给予对手伤害的一半以上的ＨＰ。"
"第六世代","578","戏法防守","妖精","变化","—","—","10","使用神奇的力量防住攻击我方的变化招式。但无法防住伤害招式的攻击。"
"第六世代","579","鲜花防守","妖精","变化","—","—","10","使用神奇的力量提高在场的所有草属性宝可梦的防御。"
"第六世代","580","青草场地","草","变化","—","—","10","在５回合内变成青草场地。地面上的宝可梦每回合都能回复。草属性的招式威力还会提高。"
"第六世代","581","薄雾场地","妖精","变化","—","—","10","在５回合内，地面上的宝可梦不会陷入异常状态。龙属性招式的伤害也会减半。"
"第六世代","582","输电","电","变化","—","—","20","对手使出招式前，如果输电，则该回合对手的招式变成电属性。"
"第六世代","583","嬉闹","妖精","物理","90","90","10","与对手嬉闹并攻击。有时会降低对手的攻击。"
"第六世代","584","妖精之风","妖精","特殊","40","100","30","刮起妖精之风，吹向对手进行攻击。"
"第六世代","585","月亮之力","妖精","特殊","95","100","15","借用月亮的力量攻击对手。有时会降低对手的特攻。"
"第六世代","586","爆音波","一般","特殊","140","100","10","通过震耳欲聋的爆炸声产生的破坏力，攻击自己周围所有的宝可梦。"
"第六世代","587","妖精之锁","妖精","变化","—","—","10","通过封锁，下一回合所有的宝可梦都无法逃走。"
"第六世代","588","王者盾牌","钢","变化","—","—","10","防住对手攻击的同时，自己变为防御姿态。降低所接触到的对手的攻击。"
"第六世代","589","和睦相处","一般","变化","—","—","20","和对手和睦相处，使其失去战斗的气力，从而降低对手的攻击。"
"第六世代","590","密语","一般","变化","—","—","20","和对手进行密语，使其失去集中力，从而降低对手的特攻。"
"第六世代","591","钻石风暴","岩石","物理","100","95","5","掀起钻石风暴给予伤害。有时会大幅提高自己的防御。"
"第六世代","592","蒸汽爆炸","水","特殊","110","95","5","将滚烫的蒸汽喷向对手。有时会让对手灼伤。"
"第六世代","593","异次元洞","超能力","特殊","80","—","5","通过异次元洞，突然出现在对手的侧面进行攻击。还可以无视守住和看穿等招式。"
"第六世代","594","飞水手里剑","水","特殊","15","100","20","用粘液制成的手里剑，连续攻击２～５次。必定能够先制攻击。"
"第六世代","595","魔法火焰","火","特殊","75","100","10","从口中喷出特别灼热的火焰进行攻击。降低对手的特攻。"
"第六世代","596","尖刺防守","草","变化","—","—","10","防住对手攻击的同时，削减接触到自己的对手的体力。"
"第六世代","597","芳香薄雾","妖精","变化","—","100","20","通过神奇的芳香，提高我方宝可梦的特防。"
"第六世代","598","怪异电波","电","变化","—","100","15","从身体放射出怪异电波，让对手沐浴其中，从而大幅降低其特攻。"
"第六世代","599","毒液陷阱","毒","变化","—","100","20","将特殊的毒液泼向对手。对处于中毒状态的对手，其攻击、特攻和速度都会降低。"
"第六世代","600","粉尘","虫","变化","—","100","20","如果被撒到粉尘的对手使用火招式，则会爆炸并给予伤害。"
"第六世代","601","大地掌控","妖精","变化","—","—","10","第１回合吸收能量，第２回合大幅提高特攻、特防和速度。"
"第六世代","602","磁场操控","电","变化","—","—","20","通过操控磁场，会提高特性为正电和负电的宝可梦的防御和特防。"
"第六世代","603","欢乐时光","一般","变化","—","—","30","如果使用欢乐时光，战斗后得到的钱会翻倍。"
"第六世代","604","电气场地","电","变化","—","—","10","在５回合内变成电气场地。地面上的宝可梦将无法入眠。电属性的招式威力还会提高。"
"第六世代","605","魔法闪耀","妖精","特殊","80","100","10","向对手发射强光，并给予伤害。"
"第六世代","606","庆祝","一般","变化","—","—","40","宝可梦为十分开心的你庆祝。"
"第六世代","607","牵手","一般","变化","—","—","40","我方宝可梦之间牵手。能带来非常幸福的心情。"
"第六世代","608","圆瞳","妖精","变化","—","100","30","用圆瞳凝视对手，从而降低其攻击。必定能够先制攻击。"
"第六世代","609","蹭蹭脸颊","电","物理","20","100","20","将带电的脸颊蹭蹭对手进行攻击。让对手陷入麻痹状态。"
"第六世代","610","手下留情","一般","物理","40","100","40","在攻击的时候手下留情，从而使对手的ＨＰ至少会留下１ＨＰ。"
"第六世代","611","死缠烂打","虫","特殊","20","100","20","在４～５回合内死缠烂打地进行攻击。在此期间对手将无法逃走。"
"第六世代","612","增强拳","格斗","物理","40","100","20","通过反复击打对手，使自己的拳头慢慢变硬。打中对手攻击就会提高。"
"第六世代","613","死亡之翼","飞行","特殊","80","100","10","从锁定的对手身上吸取ＨＰ。回复给予对手伤害的一半以上的ＨＰ。"
"第六世代","614","千箭齐发","地面","物理","90","100","10","可以击中浮在空中的宝可梦。空中的对手被击落后，会掉到地面。"
"第六世代","615","千波激荡","地面","物理","90","100","10","从地面掀起波浪进行攻击。被掀入波浪中的对手，将无法从战斗中逃走。"
"第六世代","616","大地神力","地面","物理","90","100","10","聚集大地的力量，将此力量集中攻击对手，并给予伤害。"
"第六世代","617","破灭之光","妖精","特殊","140","90","5","借用永恒之花的力量，发射出强力光线。自己也会受到不小的伤害。"
"第六世代","618","根源波动","水","特殊","110","85","10","用无数青白色且闪耀的光线攻击对手。"
"第六世代","619","断崖之剑","地面","物理","120","85","10","将大地的力量变化为利刃攻击对手。"
"第六世代","620","画龙点睛","飞行","物理","120","100","5","从天空中急速下降攻击对手。自己的防御和特防会降低。"
"第六世代","621","异次元猛攻","恶","物理","100","—","5","用许多手臂，无视对手的守住或看穿等招式进行连续攻击，自己的防御会降低。"
"第七世代","622","究极无敌大冲撞","一般","物理","—","—","1","通过Ｚ力量气势猛烈地全力撞上对手。威力会根据原来的招式而改变。"
"第七世代","623","究极无敌大冲撞","一般","特殊","—","—","1","通过Ｚ力量气势猛烈地全力撞上对手。威力会根据原来的招式而改变。"
"第七世代","624","全力无双激烈拳","格斗","物理","—","—","1","通过Ｚ力量制造出能量弹，全力撞向对手。威力会根据原来的招式而改变。"
"第七世代","625","全力无双激烈拳","格斗","特殊","—","—","1","通过Ｚ力量制造出能量弹，全力撞向对手。威力会根据原来的招式而改变。"
"第七世代","626","极速俯冲轰烈撞","飞行","物理","—","—","1","通过Ｚ力量猛烈地飞向天空，朝对手全力落下。威力会根据原来的招式而改变。"
"第七世代","627","极速俯冲轰烈撞","飞行","特殊","—","—","1","通过Ｚ力量猛烈地飞向天空，朝对手全力落下。威力会根据原来的招式而改变。"
"第七世代","628","强酸剧毒灭绝雨","毒","物理","—","—","1","通过Ｚ力量使毒沼涌起，全力让对手沉下去。威力会根据原来的招式而改变。"
"第七世代","629","强酸剧毒灭绝雨","毒","特殊","—","—","1","通过Ｚ力量使毒沼涌起，全力让对手沉下去。威力会根据原来的招式而改变。"
"第七世代","630","地隆啸天大终结","地面","物理","—","—","1","通过Ｚ力量潜入地里最深处，全力撞上对手。威力会根据原来的招式而改变。"
"第七世代","631","地隆啸天大终结","地面","特殊","—","—","1","通过Ｚ力量潜入地里最深处，全力撞上对手。威力会根据原来的招式而改变。"
"第七世代","632","毁天灭地巨岩坠","岩石","物理","—","—","1","通过Ｚ力量召唤大大的岩山，全力撞向对手。威力会根据原来的招式而改变。"
"第七世代","633","毁天灭地巨岩坠","岩石","特殊","—","—","1","通过Ｚ力量召唤大大的岩山，全力撞向对手。威力会根据原来的招式而改变。"
"第七世代","634","绝对捕食回旋斩","虫","物理","—","—","1","通过Ｚ力量将吐出的丝线全力束缚对手。威力会根据原来的招式而改变。"
"第七世代","635","绝对捕食回旋斩","虫","特殊","—","—","1","通过Ｚ力量将吐出的丝线全力束缚对手。威力会根据原来的招式而改变。"
"第七世代","636","无尽暗夜之诱惑","幽灵","物理","—","—","1","通过Ｚ力量召唤强烈的怨念，全力降临到对手身上。威力会根据原来的招式而改变。"
"第七世代","637","无尽暗夜之诱惑","幽灵","特殊","—","—","1","通过Ｚ力量召唤强烈的怨念，全力降临到对手身上。威力会根据原来的招式而改变。"
"第七世代","638","超绝螺旋连击","钢","物理","—","—","1","通过Ｚ力量进行高速旋转，全力撞上对手。威力会根据原来的招式而改变。"
"第七世代","639","超绝螺旋连击","钢","特殊","—","—","1","通过Ｚ力量进行高速旋转，全力撞上对手。威力会根据原来的招式而改变。"
"第七世代","640","超强极限爆焰弹","火","物理","—","—","1","通过Ｚ力量喷出熊熊烈火，全力撞向对手。威力会根据原来的招式而改变。"
"第七世代","641","超强极限爆焰弹","火","特殊","—","—","1","通过Ｚ力量喷出熊熊烈火，全力撞向对手。威力会根据原来的招式而改变。"
"第七世代","642","超级水流大漩涡","水","物理","—","—","1","通过Ｚ力量制造大大的潮旋，全力吞没对手。威力会根据原来的招式而改变。"
"第七世代","643","超级水流大漩涡","水","特殊","—","—","1","通过Ｚ力量制造大大的潮旋，全力吞没对手。威力会根据原来的招式而改变。"
"第七世代","644","绚烂缤纷花怒放","草","物理","—","—","1","通过Ｚ力量借助花草的能量，全力攻击对手。威力会根据原来的招式而改变。"
"第七世代","645","绚烂缤纷花怒放","草","特殊","—","—","1","通过Ｚ力量借助花草的能量，全力攻击对手。威力会根据原来的招式而改变。"
"第七世代","646","终极伏特狂雷闪","电","物理","—","—","1","通过Ｚ力量将蓄积的强大电流全力撞向对手。威力会根据原来的招式而改变。"
"第七世代","647","终极伏特狂雷闪","电","特殊","—","—","1","通过Ｚ力量将蓄积的强大电流全力撞向对手。威力会根据原来的招式而改变。"
"第七世代","648","至高精神破坏波","超能力","物理","—","—","1","通过Ｚ力量操纵对手，全力使其感受到痛苦。威力会根据原来的招式而改变。"
"第七世代","649","至高精神破坏波","超能力","特殊","—","—","1","通过Ｚ力量操纵对手，全力使其感受到痛苦。威力会根据原来的招式而改变。"
"第七世代","650","激狂大地万里冰","冰","物理","—","—","1","通过Ｚ力量急剧降低气温，全力冰冻对手。威力会根据原来的招式而改变。"
"第七世代","651","激狂大地万里冰","冰","特殊","—","—","1","通过Ｚ力量急剧降低气温，全力冰冻对手。威力会根据原来的招式而改变。"
"第七世代","652","究极巨龙震天地","龙","物理","—","—","1","通过Ｚ力量将气场实体化，向对手全力发动袭击。威力会根据原来的招式而改变。"
"第七世代","653","究极巨龙震天地","龙","特殊","—","—","1","通过Ｚ力量将气场实体化，向对手全力发动袭击。威力会根据原来的招式而改变。"
"第七世代","654","黑洞吞噬万物灭","恶","物理","—","—","1","通过Ｚ力量收集恶能量，全力将对手吸入。威力会根据原来的招式而改变。"
"第七世代","655","黑洞吞噬万物灭","恶","特殊","—","—","1","通过Ｚ力量收集恶能量，全力将对手吸入。威力会根据原来的招式而改变。"
"第七世代","656","可爱星星飞天撞","妖精","物理","—","—","1","通过Ｚ力量制造魅惑空间，全力捉弄对手。威力会根据原来的招式而改变。"
"第七世代","657","可爱星星飞天撞","妖精","特殊","—","—","1","通过Ｚ力量制造魅惑空间，全力捉弄对手。威力会根据原来的招式而改变。"
"第七世代","658","皮卡皮卡必杀击","电","物理","210","—","1","通过Ｚ力量，皮卡丘全身覆盖最强电力，全力猛扑对手。"
"第七世代","659","集沙","地面","变化","—","—","10","回复自己最大ＨＰ的一半。在沙暴中回复得更多。"
"第七世代","660","迎头一击","虫","物理","90","100","10","威力很高的招式，但只有在出场战斗时，立刻使出才能成功。"
"第七世代","661","碉堡","毒","变化","—","—","10","防住对手攻击的同时，让接触到自己的对手中毒。"
"第七世代","662","缝影","幽灵","物理","80","100","10","攻击的同时，缝住对手的影子，使其无法逃走。"
"第七世代","663","ＤＤ金勾臂","恶","物理","85","100","10","在不受到对手能力变化影响的情况下给予对手伤害。"
"第七世代","664","泡影的咏叹调","水","特殊","90","100","10","受到这招式攻击的对手身上的灼伤状态将会痊愈。"
"第七世代","665","冰锤","冰","物理","100","90","10","挥舞强力而沉重的拳头，给予对手伤害。自己的速度会降低。"
"第七世代","666","花疗","妖精","变化","—","—","10","回复对手最大ＨＰ的一半。在青草场地时，效果会提高。"
"第七世代","667","十万马力","地面","物理","95","95","10","使出全身力量，猛攻对手。"
"第七世代","668","吸取力量","草","变化","—","100","10","给自己回复和对手攻击力相同数值的ＨＰ，然后降低对手的攻击。"
"第七世代","669","日光刃","草","物理","125","100","10","在第１回合储存日光的能量，然后在第２回合使出高威力攻击。"
"第七世代","670","树叶","草","物理","40","100","40","将叶片打向对手，进行攻击。"
"第七世代","671","聚光灯","一般","变化","—","—","15","给宝可梦打上聚光灯，该回合只能瞄准该宝可梦。"
"第七世代","672","毒丝","毒","变化","—","100","20","将混有毒的丝吐向对手。使其中毒，从而降低对手的速度。"
"第七世代","673","磨砺","一般","变化","—","—","30","集中精神，下次攻击必定会击中要害。"
"第七世代","674","辅助齿轮","钢","变化","—","—","20","启动齿轮，提高特性为正电和负电的宝可梦的攻击和特攻。"
"第七世代","675","地狱突刺","恶","物理","80","100","15","受到此招式攻击的对手，会因为地狱般的痛苦，在２回合内，变得无法使出声音类招式。"
"第七世代","676","花粉团","虫","特殊","90","100","15","对敌人使用是会爆炸的团子。对我方使用则是给予回复的团子。"
"第七世代","677","掷锚","钢","物理","80","100","20","将锚缠住对手进行攻击。使对手无法逃走。"
"第七世代","678","精神场地","超能力","变化","—","—","10","在５回合内，地面上的宝可梦不会受到先制招式的攻击。超能力属性的招式威力会提高。"
"第七世代","679","猛扑","虫","物理","80","100","15","全力猛扑对手进行攻击。从而降低对手的攻击。"
"第七世代","680","火焰鞭","火","物理","80","100","15","用燃烧的鞭子抽打对手。受到攻击的对手防御会降低。"
"第七世代","681","嚣张","恶","物理","20","100","10","耀武扬威地攻击对手，自己的能力提高得越多，威力就越大。"
"第七世代","682","燃尽","火","特殊","130","100","5","将自己全身燃烧起火焰来，给予对手大大的伤害。自己的火属性将会消失。"
"第七世代","683","速度互换","超能力","变化","—","—","10","将对手和自己的速度进行互换。"
"第七世代","684","修长之角","钢","物理","70","—","10","用尖尖的角刺入对手进行攻击。攻击必定会命中。"
"第七世代","685","净化","毒","变化","—","—","20","治愈对手的异常状态。治愈后可以回复自己的ＨＰ。"
"第七世代","686","觉醒之舞","一般","特殊","90","100","15","全力跳舞进行攻击。此招式的属性将变得和自己的属性相同。"
"第七世代","687","核心惩罚者","龙","特殊","100","100","10","使出后能够消除已经在该回合使出招式的对手的特性。"
"第七世代","688","热带踢","草","物理","70","100","15","向对手使出来自南国的火热脚踢。从而降低对手的攻击。"
"第七世代","689","号令","超能力","变化","—","—","15","向对手下达指示，让其再次使出刚才的招式。"
"第七世代","690","鸟嘴加农炮","飞行","物理","100","100","15","先加热鸟嘴后再进行攻击。鸟嘴在加热时对手触碰的话，就会使其灼伤。"
"第七世代","691","鳞片噪音","龙","特殊","110","100","5","摩擦全身鳞片，发出响亮的声音进行攻击。攻击后自己的防御会降低。"
"第七世代","692","龙锤","龙","物理","90","100","15","将身体当作锤子，向对手发动袭击，给予伤害。"
"第七世代","693","狂舞挥打","恶","物理","60","100","20","用自己的身体狂舞挥打，给予对手伤害。"
"第七世代","694","极光幕","冰","变化","—","—","20","在５回合内减弱物理和特殊的伤害。只有冰雹时才能使出。"
"第七世代","695","遮天蔽日暗影箭","幽灵","物理","180","—","1","通过Ｚ力量制造出无数箭的狙射树枭将全力射穿对手进行攻击。"
"第七世代","696","极恶飞跃粉碎击","恶","物理","180","—","1","通过Ｚ力量得到强壮肉体的炽焰咆哮虎将全力撞向对手进行攻击。"
"第七世代","697","海神庄严交响乐","水","特殊","195","—","1","通过Ｚ力量召唤大量水的西狮海壬将全力攻击对手。"
"第七世代","698","巨人卫士・阿罗拉","妖精","特殊","—","—","1","通过Ｚ力量得到阿罗拉之力的土地神宝可梦将全力进行攻击。对手的剩余ＨＰ会减少很多。"
"第七世代","699","七星夺魂腿","幽灵","物理","195","—","1","得到Ｚ力量的玛夏多将全力使出拳头和脚踢的连续招式叩打对手。"
"第七世代","700","驾雷驭电戏冲浪","电","特殊","175","—","1","得到Ｚ力量的阿罗拉地区的雷丘将全力进行攻击。从而让对手陷入麻痹状态。"
"第七世代","701","认真起来大爆击","一般","物理","210","—","1","通过Ｚ力量使得认真起来的卡比兽跃动巨大身躯，全力向对手发动袭击。"
"第七世代","702","九彩昇华齐聚顶","一般","变化","—","—","1","得到Ｚ力量的伊布将借助进化后伙伴们的力量，大幅提高能力。"
"第七世代","703","起源超新星大爆炸","超能力","特殊","185","—","1","得到Ｚ力量的梦幻将全力攻击对手。脚下会变成精神场地。"
"第七世代","704","陷阱甲壳","火","特殊","150","100","5","回合开始时，设下陷阱，若该回合中受到来自对手的物理攻击， 可引起爆炸并给予对手重大的伤害。"
"第七世代","705","花朵加农炮","妖精","特殊","130","90","5","放出强力光束后，自己的特攻会大幅降低。"
"第七世代","706","精神之牙","超能力","物理","85","100","10","利用精神力量咬住对手进行攻击。还可以破坏光墙和反射壁等。"
"第七世代","707","跺脚","地面","物理","75","100","10","化悔恨为力量进行攻击。如果上一回合招式没有打中，威力就会翻倍。"
"第七世代","708","暗影之骨","幽灵","物理","85","100","10","用附有灵魂的骨头殴打对手进行攻击。有时会降低对手的防御。"
"第七世代","709","冲岩","岩石","物理","40","100","20","透过敏捷的动作撞击对手，一定能先发制人进行攻击。"
"第七世代","710","水流裂破","水","物理","85","100","10","用水之力量撞向对手进行攻击。有时会降低对手的防御。"
"第七世代","711","棱镜镭射","超能力","特殊","160","100","10","用棱镜的力量发射强烈光线。下一回合自己将无法动弹。"
"第七世代","712","暗影偷盗","幽灵","物理","90","100","10","潜入对手的影子进行攻击。会夺取对手的能力提升。"
"第七世代","713","流星闪冲","钢","物理","100","100","5","以流星般的气势猛撞对手，可无视对手的特性并进行攻击。"
"第七世代","714","暗影之光","幽灵","特殊","100","100","5","放出奇异的光线攻击对手，可无视对手的特性进行攻击。"
"第七世代","715","泪眼汪汪","一般","变化","—","—","20","变得泪眼汪汪，让对手丧失斗志。从而降低对手的攻击和特攻。"
"第七世代","716","麻麻刺刺","电","物理","80","100","10","撞向对手，并发出强电，使其感到麻麻刺刺的。有时会使对手畏缩。"
"第七世代","717","自然之怒","妖精","特殊","变化","90","10","向对手发泄自然之怒，使对手的ＨＰ减半。"
"第七世代","718","多属性攻击","一般","物理","120","100","10","一边覆盖高能量，一边撞向对手进行攻击。根据存储碟不同，属性会改变。"
"第七世代","719","千万伏特","电","特殊","195","—","1","戴着帽子的皮卡丘将通过Ｚ力量增强的电击全力释放给对手。容易击中要害。"
"第七世代","720","惊爆大头","火","特殊","150","100","5","让自己的头爆炸，来攻击周围的一切。自己也会受到伤害。"
"第七世代","721","等离子闪电拳","电","物理","100","100","15","用覆盖着电流的拳头进行攻击。使一般属性的招式变成电属性。"
"第七世代","722","光子喷涌","超能力","特殊","100","100","5","用光柱来进行攻击。比较自己的攻击和特攻，用数值相对较高的一项给予对方伤害。"
"第七世代","723","炽魂热舞烈音爆","龙","特殊","185","—","1","得到Ｚ力量的杖尾鳞甲龙将全力攻击对手。并且自己的能力会提高。"
"第七世代","724","狼啸石牙飓风暴","岩石","物理","190","—","1","得到Ｚ力量的鬃岩狼人将全力进行攻击。而且会消除场地状态。"
"第七世代","725","亲密无间大乱揍","妖精","物理","190","—","1","得到Ｚ力量的谜拟Ｑ将全力进行乱揍攻击。"
"第七世代","726","日光回旋下苍穹","钢","物理","200","—","1","得到Ｚ力量的索尔迦雷欧将全力进行攻击。可以无视对手的特性效果。"
"第七世代","727","月华飞溅落灵霄","幽灵","特殊","200","—","1","得到Ｚ力量的露奈雅拉将全力进行攻击。可以无视对手的特性效果。"
"第七世代","728","焚天灭世炽光爆","超能力","特殊","200","—","1","奈克洛兹玛会无视对手的特性效果，在攻击和特攻之间，用数值相对较高的一项给予对方伤害。"
"第七世代","729","电电加速","电","物理","50","100","15","迅猛无比的电击。必定能够先制攻击，击中对方的要害。"
"第七世代","730","滔滔冲浪","水","特殊","90","100","15","往巨浪中注入电能后冲撞对手进行攻击。有时会让对手陷入麻痹状态。"
"第七世代","731","飘飘坠落","飞行","物理","90","95","15","轻飘飘地浮起来后，再猛地俯冲下去进行攻击。有时会使对手畏缩。"
"第七世代","732","闪闪雷光","电","特殊","变化","—","20","皮卡丘越喜欢训练家，电击的威力就越强。攻击必定会命中。"
"第七世代","733","活活气泡","水","特殊","90","100","15","投掷水球进行攻击。吸水后能回复等同于造成的伤害一半的ＨＰ。"
"第七世代","734","麻麻电击","电","特殊","90","100","15","放出电击攻击对手。让对手陷入麻痹状态。"
"第七世代","735","熊熊火爆","火","物理","90","100","15","用燃起大火的身体猛烈地冲撞对手。让对手陷入灼伤状态。"
"第七世代","736","哗哗气场","超能力","特殊","90","100","15","利用念力强攻，粉碎对方信心。制造一道能减弱对手特殊攻击的神奇墙壁。"
"第七世代","737","坏坏领域","恶","特殊","90","100","15","恶行恶相地进行攻击。制造一道能减弱对手物理攻击的神奇墙壁。"
"第七世代","738","茁茁轰炸","草","物理","90","100","15","长出巨大的藤蔓，播撒种子进行攻击。种子每回合都会吸取对手的ＨＰ。"
"第七世代","739","冰冰霜冻","冰","特殊","90","100","15","利用冰冷的黑雾结晶进行攻击。使全体宝可梦的能力变回原点。"
"第七世代","740","亮亮风暴","妖精","特殊","90","100","15","利用芬芳刺鼻的龙卷风吞噬对方。能治愈我方宝可梦的异常状态。"
"第七世代","741","砰砰击破","一般","物理","变化","—","20","伊布越喜欢训练家，冲撞的威力就越强。攻击必定会命中。"
"第七世代","742","钢拳双击","钢","物理","60","100","5","以胸口的螺帽为中心旋转，并连续２次挥动手臂打击对手。有时会使对手畏缩。"
"第八世代","743","极巨防壁","一般","变化","—","—","—","完全抵挡对手的攻击。连续使出则容易失败。"
"第八世代","744","极巨炮","龙","特殊","100","100","5","从核心放出光束进行攻击。如果对手正处于极巨化状态，则造成的伤害会变为２倍。"
"第八世代","745","狙击","水","特殊","80","100","15","能无视具有吸引对手招式效果的特性或招式的影响。可以向选定的对手进行攻击。"
"第八世代","746","紧咬不放","恶","物理","80","100","10","使双方直到一方濒死为止无法替换宝可梦。其中一方退场则可以解除效果。"
"第八世代","747","大快朵颐","一般","变化","—","—","10","吃掉携带的树果，大幅提高防御。"
"第八世代","748","背水一战","格斗","变化","—","—","5","提高自己的所有能力，但无法替换或逃走。"
"第八世代","749","沥青射击","岩石","变化","—","100","15","泼洒黏糊糊的沥青，降低对手的速度，并且使对手的弱点变为火。"
"第八世代","750","魔法粉","超能力","变化","—","100","20","向对手喷洒魔法粉，使对手变为超能力属性。"
"第八世代","751","龙箭","龙","物理","50","100","10","让多龙梅西亚进行２次攻击。如果对手有２只宝可梦，则对它们各进行１次攻击。"
"第八世代","752","茶会","一般","变化","—","—","10","举办一场茶会，场上的所有宝可梦都会吃掉自己携带的树果。"
"第八世代","753","蛸固","格斗","变化","—","100","15","让对手无法逃走。对手被固定后，每回合都会降低防御和特防。"
"第八世代","754","电喙","电","物理","85","100","10","用带电的喙啄刺对手。如果比对手先出手攻击，招式的威力会变成２倍。"
"第八世代","755","鳃咬","水","物理","85","100","10","用坚硬的腮咬住对手。如果比对手先出手攻击，招式的威力会变成２倍。"
"第八世代","756","换场","一般","变化","—","100","10","用神奇的力量交换双方的场地效果。"
"第八世代","757","极巨火爆","火","极巨","—","—","—","极巨化宝可梦使出的火属性攻击。可在５回合内让日照变得强烈。"
"第八世代","758","极巨虫蛊","虫","极巨","—","—","—","极巨化宝可梦使出的虫属性攻击。会降低对手的特攻。"
"第八世代","759","极巨闪电","电","极巨","—","—","—","极巨化宝可梦使出的电属性攻击。可在５回合内将脚下变成电气场地。"
"第八世代","760","极巨攻击","一般","极巨","—","—","—","极巨化宝可梦使出的一般属性攻击。会降低对手的速度。"
"第八世代","761","极巨拳斗","格斗","极巨","—","—","—","极巨化宝可梦使出的格斗属性攻击。会提高我方的攻击。"
"第八世代","762","极巨幽魂","幽灵","极巨","—","—","—","极巨化宝可梦使出的幽灵属性攻击。会降低对手的防御。"
"第八世代","763","极巨寒冰","冰","极巨","—","—","—","极巨化宝可梦才能使出的冰属性攻击。在５回合内会降下冰雹。"
"第八世代","764","极巨酸毒","毒","极巨","—","—","—","极巨化宝可梦使出的毒属性攻击。会提高我方的特攻。"
"第八世代","765","极巨水流","水","极巨","—","—","—","极巨化宝可梦使出的水属性攻击。可在５回合内降下大雨。"
"第八世代","766","极巨飞冲","飞行","极巨","—","—","—","极巨化宝可梦使出的飞行属性攻击。会提高我方的速度。"
"第八世代","767","极巨妖精","妖精","极巨","—","—","—","极巨化宝可梦使出的妖精属性攻击。可在５回合内将脚下变成薄雾场地。"
"第八世代","768","极巨龙骑","龙","极巨","—","—","—","极巨化宝可梦使出的龙属性攻击。会降低对手的攻击。"
"第八世代","769","极巨超能","超能力","极巨","—","—","—","极巨化宝可梦使出的超能力属性攻击。可在５回合内将脚下变成精神场地。"
"第八世代","770","极巨岩石","岩石","极巨","—","—","—","极巨化宝可梦使出的岩石属性攻击。可在５回合内卷起沙暴。"
"第八世代","771","极巨大地","地面","极巨","—","—","—","极巨化宝可梦使出的地面属性攻击。会提高我方的特防。"
"第八世代","772","极巨恶霸","恶","极巨","—","—","—","极巨化宝可梦使出的恶属性攻击。会降低对手的特防。"
"第八世代","773","极巨草原","草","极巨","—","—","—","极巨化宝可梦使出的草属性攻击。可在５回合内将脚下变成青草场地。"
"第八世代","774","极巨钢铁","钢","极巨","—","—","—","极巨化宝可梦使出的钢属性攻击。会提高我方的防御。"
"第八世代","775","魂舞烈音爆","龙","变化","—","100","5","削减少许自己的ＨＰ，使所有能力都提高。"
"第八世代","776","扑击","格斗","物理","80","100","10","用身体撞向对手进行攻击。防御越高，给予的伤害就越高。"
"第八世代","777","装饰","妖精","变化","—","—","15","通过装饰，大幅提高对方的攻击和特攻。"
"第八世代","778","鼓击","草","物理","80","100","10","用鼓点来控制鼓的根部进行攻击，从而降低对手的速度。"
"第八世代","779","捕兽夹","草","物理","35","100","15","使用捕兽夹，在４～５回合内，夹住对手进行攻击。"
"第八世代","780","火焰球","火","物理","120","90","5","点燃小石子，形成火球攻击对手。有时会使对手陷入灼伤状态。"
"第八世代","781","巨兽斩","钢","物理","100","100","5","变身为巨大的剑，挥斩对手。如果对手正处于极巨化状态，则造成的伤害会变为２倍。"
"第八世代","782","巨兽弹","钢","物理","100","100","5","变身为巨大的盾，撞击对手。如果对手正处于极巨化状态，则造成的伤害会变为２倍。"
"第八世代","783","气场轮","电","物理","110","100","10","用储存在颊囊里的能量进行攻击，并提高自己的速度。其属性会随着莫鲁贝可的样子而改变。"
"第八世代","784","广域破坏","龙","物理","60","100","15","用坚韧的尾巴猛扫对手进行攻击，从而降低对手的攻击。"
"第八世代","785","木枝突刺","草","物理","40","100","40","使用尖锐的树枝刺向对手进行攻击。"
"第八世代","786","破音","电","特殊","80","100","10","奏响吉他和贝斯，释放出发出巨响的剧烈震动攻击对手。"
"第八世代","787","苹果酸","草","特殊","80","100","10","使用从酸苹果中提取出来的酸性液体进行攻击。降低对手的特防。"
"第八世代","788","万有引力","草","物理","80","100","10","从高处落下苹果，给予对手伤害。可降低对手的防御。"
"第八世代","789","灵魂冲击","妖精","物理","75","100","15","用足以让对手一蹶不振的气势进行攻击。会降低对手的特攻。"
"第八世代","790","神奇蒸汽","妖精","特殊","90","95","10","喷出烟雾攻击对手。有时会使对手混乱。"
"第八世代","791","生命水滴","水","变化","—","—","10","喷洒出神奇的水，回复自己和场上同伴的ＨＰ。"
"第八世代","792","拦堵","恶","变化","—","100","10","完全抵挡对手的攻击。连续使出则容易失败。一旦触碰，防御就会大幅降低。"
"第八世代","793","假跪真撞","恶","物理","80","—","10","装作低头认错的样子，用凌乱的头发进行突刺。攻击必定会命中。"
"第八世代","794","流星突击","格斗","物理","150","100","5","大力挥舞粗壮的茎进行攻击。但同时自己也会被晃晕，下一回合自己将无法动弹。"
"第八世代","795","无极光束","龙","特殊","160","90","5","无极汰那变回原来的样子后，发动的最强攻击。下一回合自己将无法动弹。"
"第八世代","796","铁蹄光线","钢","特殊","140","95","5","将从全身聚集的钢铁化为光束，激烈地发射出去。自己也会受到伤害。"
"第八世代","—","超极巨地狱灭焰","火","超极巨","—","—","—","超极巨化的喷火龙使出的火属性攻击。可在４回合内给予对手伤害。"
"第八世代","—","超极巨蝶影蛊惑","虫","超极巨","—","—","—","超极巨化的巴大蝶使出的虫属性攻击。会让对手陷入中毒、麻痹或睡眠状态。"
"第八世代","—","超极巨万雷轰顶","电","超极巨","—","—","—","超极巨化的皮卡丘使出的电属性攻击。会让对手陷入麻痹状态。"
"第八世代","—","超极巨特大金币","一般","超极巨","—","—","—","超极巨化的喵喵使出的一般属性攻击。会让对手陷入混乱状态，并可获得金钱。"
"第八世代","—","超极巨会心一击","格斗","超极巨","—","—","—","超极巨化的怪力使出的格斗属性攻击。会变得容易击中要害。"
"第八世代","—","超极巨幻影幽魂","幽灵","超极巨","—","—","—","超极巨化的耿鬼使出的幽灵属性攻击。会踩住对手的影子，让其无法被替换。"
"第八世代","—","超极巨极光旋律","冰","超极巨","—","—","—","超极巨化的拉普拉斯使出的冰属性攻击。可在５回合内减弱受到的伤害。"
"第八世代","—","超极巨热情拥抱","一般","超极巨","—","—","—","超极巨化的伊布使出的一般属性攻击。会让对手陷入着迷状态。"
"第八世代","—","超极巨资源再生","一般","超极巨","—","—","—","超极巨化的卡比兽使出的一般属性攻击。会让吃掉的树果再生。"
"第八世代","—","超极巨臭气冲天","毒","超极巨","—","—","—","超极巨化的灰尘山使出的毒属性攻击。会让对手陷入中毒状态。"
"第八世代","—","超极巨岩阵以待","水","超极巨","—","—","—","超极巨化的暴噬龟使出的水属性攻击。会发射无数锐利的岩石。"
"第八世代","—","超极巨旋风袭卷","飞行","超极巨","—","—","—","超极巨化的钢铠鸦使出的飞行属性攻击。可消除反射壁和光墙。"
"第八世代","—","超极巨异毒电场","电","超极巨","—","—","—","超极巨化的颤弦蝾螈使出的电属性攻击。会让对手陷入中毒或麻痹状态。"
"第八世代","—","超极巨幸福圆满","妖精","超极巨","—","—","—","超极巨化的霜奶仙使出的妖精属性攻击。可回复我方的ＨＰ。"
"第八世代","—","超极巨劣化衰变","龙","超极巨","—","—","—","超极巨化的铝钢龙使出的龙属性攻击。可减少对手最后使用的招式的ＰＰ。"
"第八世代","—","超极巨天道七星","超能力","超极巨","—","—","—","超极巨化的以欧路普使出的超能力属性攻击。在５回合内重力会产生变化。"
"第八世代","—","超极巨炎石喷发","岩石","超极巨","—","—","—","超极巨化的巨炭山使出的岩石属性攻击。可在４回合内给予对手伤害。"
"第八世代","—","超极巨沙尘漫天","地面","超极巨","—","—","—","超极巨化的沙螺蟒使出的地面属性攻击。在４～５回合内会狂刮沙暴。"
"第八世代","—","超极巨睡魔降临","恶","超极巨","—","—","—","超极巨化的长毛巨魔使出的恶属性攻击。会通过打大哈欠让对手产生睡意。"
"第八世代","—","超极巨酸不溜丢","草","超极巨","—","—","—","超极巨化的苹裹龙使出的草属性攻击。会降低对手的闪避率。"
"第八世代","—","超极巨琼浆玉液","草","超极巨","—","—","—","超极巨化的丰蜜龙使出的草属性攻击。会治愈我方的异常状态。"
"第八世代","—","超极巨天谴雷诛","妖精","超极巨","—","—","—","超极巨化的布莉姆温使出的妖精属性攻击。会让对手陷入混乱状态。"
"第八世代","—","超极巨钢铁阵法","钢","超极巨","—","—","—","超极巨化的大王铜象使出的钢属性攻击。会发射无数锐利的刺。"
"第八世代","—","超极巨液金熔击","钢","超极巨","—","—","—","超极巨化的美录梅塔使出的钢属性攻击。会让对手无法连续使出相同的招式。"
"第八世代","—","超极巨激漩泡涡","水","超极巨","—","—","—","超极巨化的巨钳蟹使出的水属性攻击。会大幅降低对手的速度。"
"第八世代","—","超极巨百火焚野","火","超极巨","—","—","—","超极巨化的焚焰蚣使出的火属性攻击。可在４～５回合内将对手困在火焰中。"
"第八世代","797","广域战力","超能力","特殊","80","100","10","利用精神力量攻击对手。在精神场地上威力会有所提高，能对所有对手造成伤害。"
"第八世代","798","铁滚轮","钢","物理","130","100","5","在破坏场地的同时攻击对手。如果脚下没有任何场地状态存在，使出此招式时便会失败。"
"第八世代","799","鳞射","龙","物理","25","90","20","发射鳞片进行攻击。连续攻击２～５次。速度会提高但防御会降低。"
"第八世代","800","流星光束","岩石","特殊","120","90","10","第１回合聚集宇宙之力提高特攻，第２回合攻击对手。"
"第八世代","801","臂贝武器","毒","特殊","90","100","10","从物理攻击和特殊攻击中选择可造成较多伤害的方式进行攻击。有时会让对手陷入中毒状态。"
"第八世代","802","薄雾炸裂","妖精","特殊","100","100","5","对自己周围的所有宝可梦进行攻击，但使出后，自己会陷入濒死。在薄雾场地上，招式威力会提高。"
"第八世代","803","青草滑梯","草","物理","70","100","20","仿佛在地面上滑行般地攻击对手。在青草场地上，必定能够先制攻击。"
"第八世代","804","电力上升","电","特殊","70","100","20","用从地面升腾而起的电击进行攻击。当对手处于电气场地上时，招式威力会变成２倍。"
"第八世代","805","大地波动","一般","特殊","50","100","10","借助场地的力量进行攻击。视使出招式时场地状态不同，招式的属性和威力会有所变化。"
"第八世代","806","爬击","虫","物理","70","90","10","从对手背后爬近后进行攻击。会降低对手的特攻。"
"第八世代","807","妒火","火","特殊","70","100","5","用嫉妒的能量攻击对手。会让在该回合内能力有所提高的宝可梦陷入灼伤状态。"
"第八世代","808","泄愤","恶","物理","75","100","5","攻击对手以发泄对其感到的恼怒情绪。如果在该回合内自身能力遭到降低，招式的威力会变成２倍。"
"第八世代","809","灵骚","幽灵","物理","110","90","5","操纵对手的持有物进行攻击。当对手没有携带道具时，使出此招式时便会失败。"
"第八世代","810","腐蚀气体","毒","变化","—","—","40","用具有强酸性的气体包裹住自己周围所有的宝可梦，并融化其所携带的道具。"
"第八世代","811","指导","格斗","变化","—","—","10","通过进行正确合理的指导，提高我方全员的攻击和防御。"
"第八世代","812","快速折返","水","物理","60","100","20","在攻击之后急速返回，和后备宝可梦进行替换。"
"第八世代","813","三旋击","冰","物理","20","90","10","连续３次踢对手进行攻击。每踢中一次，威力就会提高。"
"第八世代","814","双翼","飞行","物理","40","90","10","将翅膀撞向对手进行攻击。连续２次给予伤害。"
"第八世代","815","热沙大地","地面","特殊","70","100","10","将滚烫的沙子砸向对手进行攻击。有时会让对手陷入灼伤状态。"
"第八世代","816","丛林治疗","草","变化","—","—","10","与丛林融为一体，回复自己和场上同伴的ＨＰ和状态。"
"第八世代","817","暗冥强击","恶","物理","80","100","5","将恶之流派修炼至大成的猛烈一击。必定会击中要害。"
"第八世代","818","水流连打","水","物理","25","100","5","将水之流派修炼至大成的仿若行云流水般的３次连击。必定会击中要害。"
"第八世代","—","超极巨狂擂乱打","草","超极巨","—","—","—","超极巨化的轰擂金刚猩使出的草属性攻击。不会受到对手特性的干扰。"
"第八世代","—","超极巨破阵火球","火","超极巨","—","—","—","超极巨化的闪焰王牌使出的火属性攻击。不会受到对手特性的干扰。"
"第八世代","—","超极巨狙击神射","水","超极巨","—","—","—","超极巨化的千面避役使出的水属性攻击。不会受到对手特性的干扰。"
"第八世代","—","超极巨灰飞鞭灭‎‎","草","超极巨","—","—","—","超极巨化的妙蛙花使出的草属性攻击。可在４回合内给予对手伤害。"
"第八世代","—","超极巨水炮轰灭‎‎","水","超极巨","—","—","—","超极巨化的水箭龟使出的水属性攻击。可在４回合内给予对手伤害。"
"第八世代","—","超极巨夺命一击‎‎","恶","超极巨","—","—","—","超极巨化的武道熊师使出的恶属性攻击。是可以无视极巨防壁的一击。"
"第八世代","—","超极巨流水连击‎‎","水","超极巨","—","—","—","超极巨化的武道熊师使出的水属性攻击。是可以无视极巨防壁的连击。"
"第八世代","819","雷电囚笼","电","特殊","80","90","15","将对手困在电流四溅的囚笼中，在４～５回合内进行攻击。"
"第八世代","820","巨龙威能","龙","特殊","150","100","5","把生命力转换为力量攻击对手。自己的ＨＰ越少，招式的威力越小。"
"第八世代","821","冰冷视线","超能力","特殊","90","100","10","从双眼发射精神力量进行攻击。有时会让对手陷入冰冻状态。"
"第八世代","822","怒火中烧","恶","特殊","90","100","10","将愤怒转化为火焰般的气场进行攻击。有时会使对手畏缩。"
"第八世代","823","雷鸣蹴击","格斗","物理","90","100","10","以雷电般的动作戏耍对手的同时使出脚踢。可降低对手的防御。"
"第八世代","824","雪矛","冰","物理","130","100","5","向对手投掷掀起暴风雪的冰矛进行攻击。"
"第八世代","825","星碎","幽灵","特殊","120","100","5","用大量的小灵体向对手发起攻击。"
"第八世代","826","诡异咒语","超能力","特殊","80","100","5","用强大的精神力量攻击。让对手最后使用的招式减少３ＰＰ。"
"第八世代","827","克命爪","毒","物理","60","100","15","以破灭之爪瞄准要害进行攻击。有时还会让对手陷入中毒、麻痹、瞌睡之中的一种状态。"
"第八世代","828","屏障猛攻","超能力","物理","70","90","10","让意念的能量覆盖全身，撞向对手进行攻击。有时还会提高自己的防守力。"
"第八世代","829","力量转换","一般","变化","—","—","10","将自己的进攻力与防守力互相交换。"
"第八世代","830","岩斧","岩石","物理","65","90","15","用岩石之斧瞄准要害进行攻击。散落的岩石碎片可给予对手数次伤害。"
"第八世代","831","阳春风暴","妖精","特殊","95","80","5","用交织着爱与恨的烈风席卷对手进行攻击。追加效果会依出招时的形态而改变。"
"第八世代","832","神秘之力","超能力","特殊","70","90","10","用不可思议的力量强化自己。偏向攻击时会提高进攻力，偏向防御时会提高防守力。"
"第八世代","833","大愤慨","火","物理","90","85","10","一边放出猛烈的火焰，一边疯狂乱打进行攻击。招式结束后自己会陷入热衷状态。"
"第八世代","834","波动冲","水","物理","75","100","10","让水覆盖全身后撞向对手。自己也会受到伤害。能够让自己的行动顺序提前。"
"第八世代","835","叶绿爆震","草","特殊","120","95","5","将叶绿素凝聚起来后放出去进行攻击。自己也会受到伤害，且会让自己的行动顺序延后。"
"第八世代","836","冰山风","冰","物理","100","85","5","将冰山般巨大的冰块砸向对手进行攻击。"
"第八世代","837","胜利之舞","格斗","变化","—","—","10","凭借唤来胜利的舞蹈提高自己的进攻力和防守力，并让招式给予的伤害变成１.５倍。"
"第八世代","838","突飞猛扑","地面","物理","100","100","5","向对手使出灌注了全心全力的撞击。自己的防守力会降低。"
"第八世代","839","毒千针","毒","物理","60","100","15","用无数的毒针进行攻击。有时还会让对手陷入中毒状态。攻击处于异常状态的对手时，威力会变成２倍。"
"第八世代","840","气场之翼","超能力","特殊","75","90","10","用经过气场强化的翅膀撕裂对手。容易击中要害。能够让自己的行动顺序提前。"
"第八世代","841","冤冤相报","幽灵","特殊","60","100","15","用令人毛骨悚然的怨念进行攻击。有时还会让对手陷入冻伤状态。攻击处于异常状态的对手时，威力会变成２倍。"
"第八世代","842","闭关","钢","变化","—","—","10","让皮肤变得像铁盾般坚硬。会提高自己的防守力，且变得较容易闪避对手的招式。"
"第八世代","843","三连箭","格斗","物理","50","100","15","使出一记下压踢后同时发射３箭。自己的攻击会变得容易击中要害。会降低对手的防守力。"
"第八世代","844","群魔乱舞","幽灵","特殊","60","100","15","用无数的火球进行攻击。有时会让对手陷入灼伤状态。攻击处于异常状态的对手时，威力会变成２倍。"
"第八世代","845","秘剑・千重涛","恶","物理","65","90","15","用贝壳之剑瞄准要害进行攻击。散落的贝壳碎片可给予对手数次伤害。"
"第八世代","846","枯叶风暴","飞行","特殊","95","80","5","用足以让身心都止不住颤抖的冰冷狂风进行攻击。有时会让对手陷入冻伤状态。"
"第八世代","847","鸣雷风暴","电","特殊","95","80","5","呼唤雷云引起风暴，用雷与风进行激烈的攻击。有时会让对手陷入麻痹状态。"
"第八世代","848","热沙风暴","地面","特殊","95","80","5","用灼热的沙子和强烈的风席卷对手进行攻击。会让对手陷入灼伤状态。"
"第八世代","849","新月祈祷","超能力","变化","—","—","10","治愈自己的异常状态，同时回复自己的ＨＰ。会变得较容易闪避对手的招式。"
"第八世代","850","勇气填充","超能力","变化","—","—","10","鼓起冲劲，治愈自己的异常状态，同时提高自己的进攻力和防守力。"
